event_id,robot_id,mission_id,severity,code,kind,observed_at,received_at,provenance,zone,status,health_state,action,speed_ratio,reason
f18ee05249144887b9abb3994451fc37,robot-charlie,run-1785073909711-c8dcb141-m1-robot-charlie,critical,,safety_decision,2026-07-26T13:51:57.355Z,2026-07-26T13:51:57.356Z,SIMULATED,C2,SAFE_STOPPED,UNSAFE,SAFE_STOP,0.0,manual resume required after a safe stop
380edfdbf3cd4fb08d75f38455f82aac,robot-charlie,run-1785073909711-c8dcb141-m1-robot-charlie,critical,,safety_decision,2026-07-26T13:51:57.292Z,2026-07-26T13:51:57.294Z,SIMULATED,C2,SAFE_STOPPED,UNSAFE,SAFE_STOP,0.0,manual resume required after a safe stop
10a0f9d82563458782a6daf316411b62,robot-charlie,run-1785073909711-c8dcb141-m1-robot-charlie,critical,,safety_decision,2026-07-26T13:51:57.232Z,2026-07-26T13:51:57.235Z,SIMULATED,C2,SAFE_STOPPED,UNSAFE,SAFE_STOP,0.0,manual resume required after a safe stop
42fe7f34599f4875adba038919e42706,robot-charlie,run-1785073909711-c8dcb141-m1-robot-charlie,critical,,safety_decision,2026-07-26T13:51:57.106Z,2026-07-26T13:51:57.106Z,SIMULATED,C2,SAFE_STOPPED,UNSAFE,SAFE_STOP,0.0,manual resume required after a safe stop
6c2f425fa8a1484fa6b86347fe25c209,robot-bravo,run-1785073909711-c8dcb141-m1-robot-bravo,critical,,safety_decision,2026-07-26T13:51:57.075Z,2026-07-26T13:51:57.076Z,SIMULATED,C2,SAFE_STOPPED,HEALTHY,SAFE_STOP,0.0,manual resume required after a safe stop
c053004f2e6047e0a6c4d7a8b85f9925,robot-bravo,run-1785073909711-c8dcb141-m1-robot-bravo,critical,,safety_decision,2026-07-26T13:51:57.016Z,2026-07-26T13:51:57.017Z,SIMULATED,C2,SAFE_STOPPED,HEALTHY,SAFE_STOP,0.0,manual resume required after a safe stop
989d1b7b4c3d4152aad4c6846cc68f36,robot-charlie,run-1785073909711-c8dcb141-m1-robot-charlie,critical,,safety_decision,2026-07-26T13:51:56.984Z,2026-07-26T13:51:56.985Z,SIMULATED,C2,SAFE_STOPPED,UNSAFE,SAFE_STOP,0.0,manual resume required after a safe stop
ef8f0bb55d684558b262dc7efda91c3a,robot-bravo,run-1785073909711-c8dcb141-m1-robot-bravo,critical,,safety_decision,2026-07-26T13:51:56.954Z,2026-07-26T13:51:56.955Z,SIMULATED,C2,SAFE_STOPPED,HEALTHY,SAFE_STOP,0.0,manual resume required after a safe stop
71105911d8424ea48bd0af0830dfa060,robot-charlie,run-1785073909711-c8dcb141-m1-robot-charlie,critical,,safety_decision,2026-07-26T13:51:56.923Z,2026-07-26T13:51:56.924Z,SIMULATED,B2,SAFE_STOPPED,UNSAFE,SAFE_STOP,0.0,manual resume required after a safe stop
683cb3aa75ae463fa57a83e76a87eb7a,robot-bravo,run-1785073909711-c8dcb141-m1-robot-bravo,critical,,safety_decision,2026-07-26T13:51:56.892Z,2026-07-26T13:51:56.893Z,SIMULATED,C2,SAFE_STOPPED,HEALTHY,SAFE_STOP,0.0,manual resume required after a safe stop
1769e5a105064bb08e8203ac0ede62bd,robot-charlie,run-1785073909711-c8dcb141-m1-robot-charlie,critical,,safety_decision,2026-07-26T13:51:56.861Z,2026-07-26T13:51:56.862Z,SIMULATED,B2,SAFE_STOPPED,UNSAFE,SAFE_STOP,0.0,manual resume required after a safe stop
529657be0fd14f2fa5d9c9956e48e630,robot-bravo,run-1785073909711-c8dcb141-m1-robot-bravo,critical,,safety_decision,2026-07-26T13:51:56.829Z,2026-07-26T13:51:56.830Z,SIMULATED,C2,SAFE_STOPPED,HEALTHY,SAFE_STOP,0.0,manual resume required after a safe stop
b6a373c0a5a6414ca6275a84101840d3,robot-bravo,run-1785073909711-c8dcb141-m1-robot-bravo,critical,,safety_decision,2026-07-26T13:51:56.768Z,2026-07-26T13:51:56.769Z,SIMULATED,C2,SAFE_STOPPED,HEALTHY,SAFE_STOP,0.0,manual resume required after a safe stop
bd63eb91337b49d8909a6aaa7bb8b36d,robot-charlie,run-1785073909711-c8dcb141-m1-robot-charlie,critical,,safety_decision,2026-07-26T13:51:56.738Z,2026-07-26T13:51:56.741Z,SIMULATED,B2,SAFE_STOPPED,UNSAFE,SAFE_STOP,0.0,manual resume required after a safe stop
203bab3e59954949bad61b62835d4c81,robot-bravo,run-1785073909711-c8dcb141-m1-robot-bravo,critical,,safety_decision,2026-07-26T13:51:56.706Z,2026-07-26T13:51:56.707Z,SIMULATED,B2,SAFE_STOPPED,HEALTHY,SAFE_STOP,0.0,manual resume required after a safe stop
34ad8e45e43143f097f7cad2646e3520,robot-bravo,run-1785073909711-c8dcb141-m1-robot-bravo,critical,,safety_decision,2026-07-26T13:51:56.645Z,2026-07-26T13:51:56.647Z,SIMULATED,B2,SAFE_STOPPED,HEALTHY,SAFE_STOP,0.0,manual resume required after a safe stop
66f18d29c0c043ccb680825b5a6020f5,robot-charlie,run-1785073909711-c8dcb141-m1-robot-charlie,critical,,safety_decision,2026-07-26T13:51:55.989Z,2026-07-26T13:51:55.991Z,SIMULATED,A1,SAFE_STOPPED,UNSAFE,SAFE_STOP,0.0,manual resume required after a safe stop
2ed5723c85d942608f4c1af321f6de14,robot-charlie,run-1785073909711-c8dcb141-m1-robot-charlie,critical,,safety_decision,2026-07-26T13:51:55.865Z,2026-07-26T13:51:55.866Z,SIMULATED,A1,SAFE_STOPPED,UNSAFE,SAFE_STOP,0.0,manual resume required after a safe stop
6e5d8a497fe0490ab35003ae67a4ce78,robot-charlie,run-1785073909711-c8dcb141-m1-robot-charlie,critical,,safety_decision,2026-07-26T13:51:55.801Z,2026-07-26T13:51:55.804Z,SIMULATED,A1,SAFE_STOPPED,UNSAFE,SAFE_STOP,0.0,manual resume required after a safe stop
429a8e7629aa42b1923fe8fc6d1caf88,robot-charlie,run-1785073909711-c8dcb141-m1-robot-charlie,critical,,safety_decision,2026-07-26T13:51:55.739Z,2026-07-26T13:51:55.740Z,SIMULATED,A1,SAFE_STOPPED,UNSAFE,SAFE_STOP,0.0,sensor health is UNSAFE: bmi270.accelY is not finite: nan
534d154d37f04023964497ca4c8c6331,robot-charlie,run-1785069964682-324092b9-m1-robot-charlie,critical,,safety_decision,2026-07-26T12:46:13.015Z,2026-07-26T12:46:13.016Z,SIMULATED,C2,SAFE_STOPPED,UNSAFE,SAFE_STOP,0.0,manual resume required after a safe stop
398a04201d534f2ca887813f0e53bc83,robot-charlie,run-1785069964682-324092b9-m1-robot-charlie,critical,,safety_decision,2026-07-26T12:46:12.955Z,2026-07-26T12:46:12.956Z,SIMULATED,C2,SAFE_STOPPED,UNSAFE,SAFE_STOP,0.0,manual resume required after a safe stop
cb2c41b7dc9a41bc86a3e847821c6a42,robot-charlie,run-1785069964682-324092b9-m1-robot-charlie,critical,,safety_decision,2026-07-26T12:46:12.892Z,2026-07-26T12:46:12.893Z,SIMULATED,C2,SAFE_STOPPED,UNSAFE,SAFE_STOP,0.0,manual resume required after a safe stop
5580428658bf47f0869551e57b21ae04,robot-charlie,run-1785069964682-324092b9-m1-robot-charlie,critical,,safety_decision,2026-07-26T12:46:12.769Z,2026-07-26T12:46:12.770Z,SIMULATED,C2,SAFE_STOPPED,UNSAFE,SAFE_STOP,0.0,manual resume required after a safe stop
e46018e4487e4989be31739882028023,robot-bravo,run-1785069964682-324092b9-m1-robot-bravo,critical,,safety_decision,2026-07-26T12:46:12.706Z,2026-07-26T12:46:12.708Z,SIMULATED,C2,SAFE_STOPPED,HEALTHY,SAFE_STOP,0.0,manual resume required after a safe stop
d6a320be33fc43f783697d4942b245c4,robot-bravo,run-1785069964682-324092b9-m1-robot-bravo,critical,,safety_decision,2026-07-26T12:46:12.644Z,2026-07-26T12:46:12.651Z,SIMULATED,C2,SAFE_STOPPED,HEALTHY,SAFE_STOP,0.0,manual resume required after a safe stop
920042b06e864a9fbe7f0cb28040799c,robot-charlie,run-1785069964682-324092b9-m1-robot-charlie,critical,,safety_decision,2026-07-26T12:46:12.644Z,2026-07-26T12:46:12.645Z,SIMULATED,C2,SAFE_STOPPED,UNSAFE,SAFE_STOP,0.0,manual resume required after a safe stop
fbe92cd296b64a36ad06a1a68ea14821,robot-bravo,run-1785069964682-324092b9-m1-robot-bravo,critical,,safety_decision,2026-07-26T12:46:12.583Z,2026-07-26T12:46:12.584Z,SIMULATED,C2,SAFE_STOPPED,HEALTHY,SAFE_STOP,0.0,manual resume required after a safe stop
bce4ef9f073f48b293ae028a654af428,robot-charlie,run-1785069964682-324092b9-m1-robot-charlie,critical,,safety_decision,2026-07-26T12:46:12.583Z,2026-07-26T12:46:12.585Z,SIMULATED,B2,SAFE_STOPPED,UNSAFE,SAFE_STOP,0.0,manual resume required after a safe stop
0694c0f4ee1540c7a4c0e94a0b47bc99,robot-bravo,run-1785069964682-324092b9-m1-robot-bravo,critical,,safety_decision,2026-07-26T12:46:12.521Z,2026-07-26T12:46:12.523Z,SIMULATED,C2,SAFE_STOPPED,HEALTHY,SAFE_STOP,0.0,manual resume required after a safe stop
cfc2ff542cdb47a5979a339042c9dfcd,robot-charlie,run-1785069964682-324092b9-m1-robot-charlie,critical,,safety_decision,2026-07-26T12:46:12.520Z,2026-07-26T12:46:12.524Z,SIMULATED,B2,SAFE_STOPPED,UNSAFE,SAFE_STOP,0.0,manual resume required after a safe stop
e9a61ffc92dc40bcad8acdd79f533156,robot-bravo,run-1785069964682-324092b9-m1-robot-bravo,critical,,safety_decision,2026-07-26T12:46:12.458Z,2026-07-26T12:46:12.460Z,SIMULATED,C2,SAFE_STOPPED,HEALTHY,SAFE_STOP,0.0,manual resume required after a safe stop
4ea2831225a24d17bfe2f257f0eebcca,robot-charlie,run-1785069964682-324092b9-m1-robot-charlie,critical,,safety_decision,2026-07-26T12:46:12.397Z,2026-07-26T12:46:12.398Z,SIMULATED,B2,SAFE_STOPPED,UNSAFE,SAFE_STOP,0.0,manual resume required after a safe stop
43b02d4c39de4b75bac7e96cc5d2d7d4,robot-bravo,run-1785069964682-324092b9-m1-robot-bravo,critical,,safety_decision,2026-07-26T12:46:12.396Z,2026-07-26T12:46:12.397Z,SIMULATED,C2,SAFE_STOPPED,HEALTHY,SAFE_STOP,0.0,manual resume required after a safe stop
f8c19cb37734471da3db2a13cfd82745,robot-bravo,run-1785069964682-324092b9-m1-robot-bravo,critical,,safety_decision,2026-07-26T12:46:12.335Z,2026-07-26T12:46:12.338Z,SIMULATED,B2,SAFE_STOPPED,HEALTHY,SAFE_STOP,0.0,manual resume required after a safe stop
0797f04e0bd0483a960bd854161bdfbc,robot-charlie,run-1785069964682-324092b9-m1-robot-charlie,critical,,safety_decision,2026-07-26T12:46:11.651Z,2026-07-26T12:46:11.655Z,SIMULATED,A1,SAFE_STOPPED,UNSAFE,SAFE_STOP,0.0,manual resume required after a safe stop
6841be14dfe649da9bfd6b096cc117cf,robot-charlie,run-1785069964682-324092b9-m1-robot-charlie,critical,,safety_decision,2026-07-26T12:46:11.525Z,2026-07-26T12:46:11.526Z,SIMULATED,A1,SAFE_STOPPED,UNSAFE,SAFE_STOP,0.0,manual resume required after a safe stop
8899ca4fa70f4f5d901ca341c72c7c3a,robot-charlie,run-1785069964682-324092b9-m1-robot-charlie,critical,,safety_decision,2026-07-26T12:46:11.463Z,2026-07-26T12:46:11.463Z,SIMULATED,A1,SAFE_STOPPED,UNSAFE,SAFE_STOP,0.0,manual resume required after a safe stop
944cdd424fdd48ab9cdeb2288596d198,robot-charlie,run-1785069964682-324092b9-m1-robot-charlie,critical,,safety_decision,2026-07-26T12:46:11.401Z,2026-07-26T12:46:11.402Z,SIMULATED,A1,SAFE_STOPPED,UNSAFE,SAFE_STOP,0.0,sensor health is UNSAFE: bmi270.accelY is not finite: nan
def464848f0742c7bd0af4825d93a20a,robot-charlie,run-1785062931091-91d1c8f4-m1-robot-charlie,critical,,safety_decision,2026-07-26T10:48:56.967Z,2026-07-26T10:48:56.969Z,SIMULATED,C2,SAFE_STOPPED,UNSAFE,SAFE_STOP,0.0,manual resume required after a safe stop
8a98d37880644661bd47a9003e25e521,robot-charlie,run-1785062931091-91d1c8f4-m1-robot-charlie,critical,,safety_decision,2026-07-26T10:48:56.907Z,2026-07-26T10:48:56.908Z,SIMULATED,C2,SAFE_STOPPED,UNSAFE,SAFE_STOP,0.0,manual resume required after a safe stop
0b1906c42e6b475f93d1c63e4d06e15f,robot-charlie,run-1785062931091-91d1c8f4-m1-robot-charlie,critical,,safety_decision,2026-07-26T10:48:56.845Z,2026-07-26T10:48:56.845Z,SIMULATED,C2,SAFE_STOPPED,UNSAFE,SAFE_STOP,0.0,manual resume required after a safe stop
bebb031e73e9498595abcbce862645c5,robot-charlie,run-1785062931091-91d1c8f4-m1-robot-charlie,critical,,safety_decision,2026-07-26T10:48:56.720Z,2026-07-26T10:48:56.720Z,SIMULATED,C2,SAFE_STOPPED,UNSAFE,SAFE_STOP,0.0,manual resume required after a safe stop
b5ccee0811984e4ea2203d1928f16e36,robot-bravo,run-1785062931091-91d1c8f4-m1-robot-bravo,critical,,safety_decision,2026-07-26T10:48:56.657Z,2026-07-26T10:48:56.658Z,SIMULATED,C2,SAFE_STOPPED,HEALTHY,SAFE_STOP,0.0,manual resume required after a safe stop
d2237d8f6f324125a1b3c468d5b33f85,robot-charlie,run-1785062931091-91d1c8f4-m1-robot-charlie,critical,,safety_decision,2026-07-26T10:48:56.597Z,2026-07-26T10:48:56.598Z,SIMULATED,C2,SAFE_STOPPED,UNSAFE,SAFE_STOP,0.0,manual resume required after a safe stop
84117b51a603492487be9f7b1f00873b,robot-bravo,run-1785062931091-91d1c8f4-m1-robot-bravo,critical,,safety_decision,2026-07-26T10:48:56.596Z,2026-07-26T10:48:56.599Z,SIMULATED,C2,SAFE_STOPPED,HEALTHY,SAFE_STOP,0.0,manual resume required after a safe stop
e346c852fbb14c0c8b7123e0035023a1,robot-charlie,run-1785062931091-91d1c8f4-m1-robot-charlie,critical,,safety_decision,2026-07-26T10:48:56.535Z,2026-07-26T10:48:56.537Z,SIMULATED,B2,SAFE_STOPPED,UNSAFE,SAFE_STOP,0.0,manual resume required after a safe stop
57d9497d8a3a44e2be6a30f53fced65f,robot-bravo,run-1785062931091-91d1c8f4-m1-robot-bravo,critical,,safety_decision,2026-07-26T10:48:56.535Z,2026-07-26T10:48:56.536Z,SIMULATED,C2,SAFE_STOPPED,HEALTHY,SAFE_STOP,0.0,manual resume required after a safe stop
2decb8d457464aa8abf934f949e4dd1b,robot-bravo,run-1785062931091-91d1c8f4-m1-robot-bravo,critical,,safety_decision,2026-07-26T10:48:56.474Z,2026-07-26T10:48:56.475Z,SIMULATED,C2,SAFE_STOPPED,HEALTHY,SAFE_STOP,0.0,manual resume required after a safe stop
905f31ce63ad422e8132a9f00e81c7e2,robot-charlie,run-1785062931091-91d1c8f4-m1-robot-charlie,critical,,safety_decision,2026-07-26T10:48:56.473Z,2026-07-26T10:48:56.475Z,SIMULATED,B2,SAFE_STOPPED,UNSAFE,SAFE_STOP,0.0,manual resume required after a safe stop
7127033a46574c35a81e7d2614d7f6bf,robot-bravo,run-1785062931091-91d1c8f4-m1-robot-bravo,critical,,safety_decision,2026-07-26T10:48:56.413Z,2026-07-26T10:48:56.414Z,SIMULATED,C2,SAFE_STOPPED,HEALTHY,SAFE_STOP,0.0,manual resume required after a safe stop
c44bb16a8a6447eea4fa082eaedfa307,robot-charlie,run-1785062931091-91d1c8f4-m1-robot-charlie,critical,,safety_decision,2026-07-26T10:48:56.352Z,2026-07-26T10:48:56.353Z,SIMULATED,B2,SAFE_STOPPED,UNSAFE,SAFE_STOP,0.0,manual resume required after a safe stop
50e3eb24159441b0bf2b9a9ed8756ebe,robot-bravo,run-1785062931091-91d1c8f4-m1-robot-bravo,critical,,safety_decision,2026-07-26T10:48:56.352Z,2026-07-26T10:48:56.353Z,SIMULATED,C2,SAFE_STOPPED,HEALTHY,SAFE_STOP,0.0,manual resume required after a safe stop
94cede1f466b4fe1a630e2f83f3a63d7,robot-bravo,run-1785062931091-91d1c8f4-m1-robot-bravo,critical,,safety_decision,2026-07-26T10:48:56.292Z,2026-07-26T10:48:56.293Z,SIMULATED,B2,SAFE_STOPPED,HEALTHY,SAFE_STOP,0.0,manual resume required after a safe stop
e94e2d382cfd410e8a00de8567cdabfb,robot-charlie,run-1785062931091-91d1c8f4-m1-robot-charlie,critical,,safety_decision,2026-07-26T10:48:55.600Z,2026-07-26T10:48:55.602Z,SIMULATED,A1,SAFE_STOPPED,UNSAFE,SAFE_STOP,0.0,manual resume required after a safe stop
94e91e71a86447f888ce5f0e15c6e3d1,robot-charlie,run-1785062931091-91d1c8f4-m1-robot-charlie,critical,,safety_decision,2026-07-26T10:48:55.475Z,2026-07-26T10:48:55.477Z,SIMULATED,A1,SAFE_STOPPED,UNSAFE,SAFE_STOP,0.0,manual resume required after a safe stop
ddcf4714b597468483a66eb1e517b0af,robot-charlie,run-1785062931091-91d1c8f4-m1-robot-charlie,critical,,safety_decision,2026-07-26T10:48:55.414Z,2026-07-26T10:48:55.416Z,SIMULATED,A1,SAFE_STOPPED,UNSAFE,SAFE_STOP,0.0,manual resume required after a safe stop
cd9b1633eed941908d98ded2671119a2,robot-charlie,run-1785062931091-91d1c8f4-m1-robot-charlie,critical,,safety_decision,2026-07-26T10:48:55.353Z,2026-07-26T10:48:55.355Z,SIMULATED,A1,SAFE_STOPPED,UNSAFE,SAFE_STOP,0.0,sensor health is UNSAFE: bmi270.accelY is not finite: nan
73db816d6b9849cea61339b054e07ea4,robot-charlie,run-1785055359100-fbd90feb-m1-robot-charlie,critical,,safety_decision,2026-07-26T08:42:45.105Z,2026-07-26T08:42:45.106Z,SIMULATED,C2,SAFE_STOPPED,UNSAFE,SAFE_STOP,0.0,manual resume required after a safe stop
763b5747d1ee4479bb8b3eead723df48,robot-charlie,run-1785055359100-fbd90feb-m1-robot-charlie,critical,,safety_decision,2026-07-26T08:42:45.043Z,2026-07-26T08:42:45.043Z,SIMULATED,C2,SAFE_STOPPED,UNSAFE,SAFE_STOP,0.0,manual resume required after a safe stop
2a886f170f4f4575afc5c73cd7e0eb73,robot-charlie,run-1785055359100-fbd90feb-m1-robot-charlie,critical,,safety_decision,2026-07-26T08:42:44.979Z,2026-07-26T08:42:44.980Z,SIMULATED,C2,SAFE_STOPPED,UNSAFE,SAFE_STOP,0.0,manual resume required after a safe stop
ee814464d5fe47fa84904c153d6c989b,robot-charlie,run-1785055359100-fbd90feb-m1-robot-charlie,critical,,safety_decision,2026-07-26T08:42:44.853Z,2026-07-26T08:42:44.854Z,SIMULATED,C2,SAFE_STOPPED,UNSAFE,SAFE_STOP,0.0,manual resume required after a safe stop
fa6738f40b46406b98385a953e51906b,robot-bravo,run-1785055359100-fbd90feb-m1-robot-bravo,critical,,safety_decision,2026-07-26T08:42:44.791Z,2026-07-26T08:42:44.792Z,SIMULATED,C2,SAFE_STOPPED,HEALTHY,SAFE_STOP,0.0,manual resume required after a safe stop
bc0a0d84edf04c18a2b6e13f0e589310,robot-charlie,run-1785055359100-fbd90feb-m1-robot-charlie,critical,,safety_decision,2026-07-26T08:42:44.727Z,2026-07-26T08:42:44.728Z,SIMULATED,C2,SAFE_STOPPED,UNSAFE,SAFE_STOP,0.0,manual resume required after a safe stop
8fab84bc6b6443bfa9d4738c189e2f55,robot-bravo,run-1785055359100-fbd90feb-m1-robot-bravo,critical,,safety_decision,2026-07-26T08:42:44.727Z,2026-07-26T08:42:44.728Z,SIMULATED,C2,SAFE_STOPPED,HEALTHY,SAFE_STOP,0.0,manual resume required after a safe stop
a30c251e0aab4697be862b38def850ab,robot-bravo,run-1785055359100-fbd90feb-m1-robot-bravo,critical,,safety_decision,2026-07-26T08:42:44.666Z,2026-07-26T08:42:44.667Z,SIMULATED,C2,SAFE_STOPPED,HEALTHY,SAFE_STOP,0.0,manual resume required after a safe stop
8402301403074606b5f4e7a18b85d5f1,robot-charlie,run-1785055359100-fbd90feb-m1-robot-charlie,critical,,safety_decision,2026-07-26T08:42:44.666Z,2026-07-26T08:42:44.667Z,SIMULATED,B2,SAFE_STOPPED,UNSAFE,SAFE_STOP,0.0,manual resume required after a safe stop
d64ab0e3707d4d7bb8f6e1202a0de27a,robot-charlie,run-1785055359100-fbd90feb-m1-robot-charlie,critical,,safety_decision,2026-07-26T08:42:44.604Z,2026-07-26T08:42:44.605Z,SIMULATED,B2,SAFE_STOPPED,UNSAFE,SAFE_STOP,0.0,manual resume required after a safe stop
d03fb384c13f43a18cd3f5ec54b14ec5,robot-bravo,run-1785055359100-fbd90feb-m1-robot-bravo,critical,,safety_decision,2026-07-26T08:42:44.604Z,2026-07-26T08:42:44.605Z,SIMULATED,C2,SAFE_STOPPED,HEALTHY,SAFE_STOP,0.0,manual resume required after a safe stop
e81629a9343748ab9e1717a845b1079b,robot-bravo,run-1785055359100-fbd90feb-m1-robot-bravo,critical,,safety_decision,2026-07-26T08:42:44.542Z,2026-07-26T08:42:44.543Z,SIMULATED,C2,SAFE_STOPPED,HEALTHY,SAFE_STOP,0.0,manual resume required after a safe stop
bd547509b5024384abb30093dcdf455d,robot-bravo,run-1785055359100-fbd90feb-m1-robot-bravo,critical,,safety_decision,2026-07-26T08:42:44.480Z,2026-07-26T08:42:44.481Z,SIMULATED,C2,SAFE_STOPPED,HEALTHY,SAFE_STOP,0.0,manual resume required after a safe stop
78a0bd0ce58f4238b327e388111712e3,robot-charlie,run-1785055359100-fbd90feb-m1-robot-charlie,critical,,safety_decision,2026-07-26T08:42:44.480Z,2026-07-26T08:42:44.481Z,SIMULATED,B2,SAFE_STOPPED,UNSAFE,SAFE_STOP,0.0,manual resume required after a safe stop
7d325ea1e9de48eab954951c9252048d,robot-bravo,run-1785055359100-fbd90feb-m1-robot-bravo,critical,,safety_decision,2026-07-26T08:42:44.418Z,2026-07-26T08:42:44.419Z,SIMULATED,B2,SAFE_STOPPED,HEALTHY,SAFE_STOP,0.0,manual resume required after a safe stop
9e41813f179d4e33a654fb18a652ad6c,robot-charlie,run-1785055359100-fbd90feb-m1-robot-charlie,critical,,safety_decision,2026-07-26T08:42:43.732Z,2026-07-26T08:42:43.733Z,SIMULATED,A1,SAFE_STOPPED,UNSAFE,SAFE_STOP,0.0,manual resume required after a safe stop
aca93cc7c8b04e4087c5d23e489bb9f2,robot-charlie,run-1785055359100-fbd90feb-m1-robot-charlie,critical,,safety_decision,2026-07-26T08:42:43.608Z,2026-07-26T08:42:43.609Z,SIMULATED,A1,SAFE_STOPPED,UNSAFE,SAFE_STOP,0.0,manual resume required after a safe stop
c2f41969262e454f8647772e7a455480,robot-charlie,run-1785055359100-fbd90feb-m1-robot-charlie,critical,,safety_decision,2026-07-26T08:42:43.546Z,2026-07-26T08:42:43.548Z,SIMULATED,A1,SAFE_STOPPED,UNSAFE,SAFE_STOP,0.0,manual resume required after a safe stop
8f1bc452e8ef4d17b6d5fe7ecb495448,robot-charlie,run-1785055359100-fbd90feb-m1-robot-charlie,critical,,safety_decision,2026-07-26T08:42:43.483Z,2026-07-26T08:42:43.483Z,SIMULATED,A1,SAFE_STOPPED,UNSAFE,SAFE_STOP,0.0,sensor health is UNSAFE: bmi270.accelY is not finite: nan
1cb23cc056274f5b93134c998924db5c,robot-charlie,run-1785053201446-e6a66128-m1-robot-charlie,critical,,safety_decision,2026-07-26T08:06:47.720Z,2026-07-26T08:06:47.722Z,SIMULATED,C2,SAFE_STOPPED,UNSAFE,SAFE_STOP,0.0,manual resume required after a safe stop
3958b25a555b4d1c93924ee06df10c84,robot-charlie,run-1785053201446-e6a66128-m1-robot-charlie,critical,,safety_decision,2026-07-26T08:06:47.654Z,2026-07-26T08:06:47.658Z,SIMULATED,C2,SAFE_STOPPED,UNSAFE,SAFE_STOP,0.0,manual resume required after a safe stop
8f7f024e487b42f9be4321a2ff458f01,robot-charlie,run-1785053201446-e6a66128-m1-robot-charlie,critical,,safety_decision,2026-07-26T08:06:47.593Z,2026-07-26T08:06:47.593Z,SIMULATED,C2,SAFE_STOPPED,UNSAFE,SAFE_STOP,0.0,manual resume required after a safe stop
19899b14c99145e2b0f57fc2d6e4b552,robot-charlie,run-1785053201446-e6a66128-m1-robot-charlie,critical,,safety_decision,2026-07-26T08:06:47.469Z,2026-07-26T08:06:47.470Z,SIMULATED,C2,SAFE_STOPPED,UNSAFE,SAFE_STOP,0.0,manual resume required after a safe stop
4941221afc8c4e77b6f07cc4ead686c3,robot-bravo,run-1785053201446-e6a66128-m1-robot-bravo,critical,,safety_decision,2026-07-26T08:06:47.409Z,2026-07-26T08:06:47.409Z,SIMULATED,C2,SAFE_STOPPED,HEALTHY,SAFE_STOP,0.0,manual resume required after a safe stop
aa1989529cdd482cbe15e2c146051f6b,robot-charlie,run-1785053201446-e6a66128-m1-robot-charlie,critical,,safety_decision,2026-07-26T08:06:47.345Z,2026-07-26T08:06:47.346Z,SIMULATED,C2,SAFE_STOPPED,UNSAFE,SAFE_STOP,0.0,manual resume required after a safe stop
377df22937764ede98036d385d47bdd0,robot-bravo,run-1785053201446-e6a66128-m1-robot-bravo,critical,,safety_decision,2026-07-26T08:06:47.345Z,2026-07-26T08:06:47.345Z,SIMULATED,C2,SAFE_STOPPED,HEALTHY,SAFE_STOP,0.0,manual resume required after a safe stop
df329b673da9463db8964d30863ba060,robot-charlie,run-1785053201446-e6a66128-m1-robot-charlie,critical,,safety_decision,2026-07-26T08:06:47.282Z,2026-07-26T08:06:47.283Z,SIMULATED,B2,SAFE_STOPPED,UNSAFE,SAFE_STOP,0.0,manual resume required after a safe stop
29476b0671fe45669741a9f4357986f0,robot-bravo,run-1785053201446-e6a66128-m1-robot-bravo,critical,,safety_decision,2026-07-26T08:06:47.282Z,2026-07-26T08:06:47.283Z,SIMULATED,C2,SAFE_STOPPED,HEALTHY,SAFE_STOP,0.0,manual resume required after a safe stop
5be719d4fe6d4c60b32530a86653b396,robot-charlie,run-1785053201446-e6a66128-m1-robot-charlie,critical,,safety_decision,2026-07-26T08:06:47.218Z,2026-07-26T08:06:47.221Z,SIMULATED,B2,SAFE_STOPPED,UNSAFE,SAFE_STOP,0.0,manual resume required after a safe stop
41cb63acaabd4053acbe85e6a2cbf7dc,robot-bravo,run-1785053201446-e6a66128-m1-robot-bravo,critical,,safety_decision,2026-07-26T08:06:47.218Z,2026-07-26T08:06:47.219Z,SIMULATED,C2,SAFE_STOPPED,HEALTHY,SAFE_STOP,0.0,manual resume required after a safe stop
ccc6978f3b3244379a3984de1a6335ec,robot-bravo,run-1785053201446-e6a66128-m1-robot-bravo,critical,,safety_decision,2026-07-26T08:06:47.156Z,2026-07-26T08:06:47.157Z,SIMULATED,C2,SAFE_STOPPED,HEALTHY,SAFE_STOP,0.0,manual resume required after a safe stop
1a14a8b515154177a8728510536c946c,robot-bravo,run-1785053201446-e6a66128-m1-robot-bravo,critical,,safety_decision,2026-07-26T08:06:47.096Z,2026-07-26T08:06:47.102Z,SIMULATED,C2,SAFE_STOPPED,HEALTHY,SAFE_STOP,0.0,manual resume required after a safe stop
90b33a47b48848fc8c98ca4b2f6b1b54,robot-charlie,run-1785053201446-e6a66128-m1-robot-charlie,critical,,safety_decision,2026-07-26T08:06:47.093Z,2026-07-26T08:06:47.098Z,SIMULATED,B2,SAFE_STOPPED,UNSAFE,SAFE_STOP,0.0,manual resume required after a safe stop
b16bceee233f4581b2583f679496dc50,robot-bravo,run-1785053201446-e6a66128-m1-robot-bravo,critical,,safety_decision,2026-07-26T08:06:47.031Z,2026-07-26T08:06:47.035Z,SIMULATED,B2,SAFE_STOPPED,HEALTHY,SAFE_STOP,0.0,manual resume required after a safe stop
65ae95868bb74138bb5919b6a2734670,robot-charlie,run-1785053201446-e6a66128-m1-robot-charlie,critical,,safety_decision,2026-07-26T08:06:46.348Z,2026-07-26T08:06:46.355Z,SIMULATED,A1,SAFE_STOPPED,UNSAFE,SAFE_STOP,0.0,manual resume required after a safe stop
f6e1f079765743b7b25d07586e6fd41d,robot-charlie,run-1785053201446-e6a66128-m1-robot-charlie,critical,,safety_decision,2026-07-26T08:06:46.223Z,2026-07-26T08:06:46.223Z,SIMULATED,A1,SAFE_STOPPED,UNSAFE,SAFE_STOP,0.0,manual resume required after a safe stop
6e9d52468d68452ba9bffe4c4efb3426,robot-charlie,run-1785053201446-e6a66128-m1-robot-charlie,critical,,safety_decision,2026-07-26T08:06:46.166Z,2026-07-26T08:06:46.166Z,SIMULATED,A1,SAFE_STOPPED,UNSAFE,SAFE_STOP,0.0,manual resume required after a safe stop
73819888c92348528b6611225220e8a2,robot-charlie,run-1785053201446-e6a66128-m1-robot-charlie,critical,,safety_decision,2026-07-26T08:06:46.102Z,2026-07-26T08:06:46.106Z,SIMULATED,A1,SAFE_STOPPED,UNSAFE,SAFE_STOP,0.0,sensor health is UNSAFE: bmi270.accelY is not finite: nan
83cac04be92d45308a0c9c7a555673aa,robot-charlie,run-1785050051023-9fd5a343-m1-robot-charlie,critical,,safety_decision,2026-07-26T07:14:17.677Z,2026-07-26T07:14:17.678Z,SIMULATED,C2,SAFE_STOPPED,UNSAFE,SAFE_STOP,0.0,manual resume required after a safe stop
db28567dc04e4675a5f42d50a2b2ac57,robot-charlie,run-1785050051023-9fd5a343-m1-robot-charlie,critical,,safety_decision,2026-07-26T07:14:17.615Z,2026-07-26T07:14:17.616Z,SIMULATED,C2,SAFE_STOPPED,UNSAFE,SAFE_STOP,0.0,manual resume required after a safe stop
7419491d500244c786354264d333e156,robot-charlie,run-1785050051023-9fd5a343-m1-robot-charlie,critical,,safety_decision,2026-07-26T07:14:17.553Z,2026-07-26T07:14:17.555Z,SIMULATED,C2,SAFE_STOPPED,UNSAFE,SAFE_STOP,0.0,manual resume required after a safe stop
63a2ab6101854914a515e686fb02d1b5,robot-charlie,run-1785050051023-9fd5a343-m1-robot-charlie,critical,,safety_decision,2026-07-26T07:14:17.429Z,2026-07-26T07:14:17.429Z,SIMULATED,C2,SAFE_STOPPED,UNSAFE,SAFE_STOP,0.0,manual resume required after a safe stop
a0c2fbe101df4707a5423881b427eca5,robot-bravo,run-1785050051023-9fd5a343-m1-robot-bravo,critical,,safety_decision,2026-07-26T07:14:17.366Z,2026-07-26T07:14:17.368Z,SIMULATED,C2,SAFE_STOPPED,HEALTHY,SAFE_STOP,0.0,manual resume required after a safe stop
da45426a885d41f9bc75135ff3e6cd1f,robot-bravo,run-1785050051023-9fd5a343-m1-robot-bravo,critical,,safety_decision,2026-07-26T07:14:17.304Z,2026-07-26T07:14:17.306Z,SIMULATED,C2,SAFE_STOPPED,HEALTHY,SAFE_STOP,0.0,manual resume required after a safe stop
3529634a5847449393a4e0898bd7d5ef,robot-charlie,run-1785050051023-9fd5a343-m1-robot-charlie,critical,,safety_decision,2026-07-26T07:14:17.303Z,2026-07-26T07:14:17.304Z,SIMULATED,C2,SAFE_STOPPED,UNSAFE,SAFE_STOP,0.0,manual resume required after a safe stop
9dca2abd708a48aebad69999717e4dc2,robot-charlie,run-1785050051023-9fd5a343-m1-robot-charlie,critical,,safety_decision,2026-07-26T07:14:17.245Z,2026-07-26T07:14:17.247Z,SIMULATED,B2,SAFE_STOPPED,UNSAFE,SAFE_STOP,0.0,manual resume required after a safe stop
4e73792535b74449a136438757b9bff8,robot-bravo,run-1785050051023-9fd5a343-m1-robot-bravo,critical,,safety_decision,2026-07-26T07:14:17.241Z,2026-07-26T07:14:17.242Z,SIMULATED,C2,SAFE_STOPPED,HEALTHY,SAFE_STOP,0.0,manual resume required after a safe stop
8d6f32ea2eb44a71a994020d8c566582,robot-bravo,run-1785050051023-9fd5a343-m1-robot-bravo,critical,,safety_decision,2026-07-26T07:14:17.180Z,2026-07-26T07:14:17.183Z,SIMULATED,C2,SAFE_STOPPED,HEALTHY,SAFE_STOP,0.0,manual resume required after a safe stop
7efae4f42b68432a8511fa10e3f40a0b,robot-charlie,run-1785050051023-9fd5a343-m1-robot-charlie,critical,,safety_decision,2026-07-26T07:14:17.180Z,2026-07-26T07:14:17.181Z,SIMULATED,B2,SAFE_STOPPED,UNSAFE,SAFE_STOP,0.0,manual resume required after a safe stop
e72a771203eb4f919eebd1d5d0fffc24,robot-bravo,run-1785050051023-9fd5a343-m1-robot-bravo,critical,,safety_decision,2026-07-26T07:14:17.115Z,2026-07-26T07:14:17.120Z,SIMULATED,C2,SAFE_STOPPED,HEALTHY,SAFE_STOP,0.0,manual resume required after a safe stop
3f1d23d9b41c4a76ab07ffc42ba828eb,robot-charlie,run-1785050051023-9fd5a343-m1-robot-charlie,critical,,safety_decision,2026-07-26T07:14:17.053Z,2026-07-26T07:14:17.056Z,SIMULATED,B2,SAFE_STOPPED,UNSAFE,SAFE_STOP,0.0,manual resume required after a safe stop
1c3560e3dda24dbabeb86b1342ffb069,robot-bravo,run-1785050051023-9fd5a343-m1-robot-bravo,critical,,safety_decision,2026-07-26T07:14:17.052Z,2026-07-26T07:14:17.057Z,SIMULATED,C2,SAFE_STOPPED,HEALTHY,SAFE_STOP,0.0,manual resume required after a safe stop
e7a7b5eb2d7246ff9ef5a788ff18ce98,robot-bravo,run-1785050051023-9fd5a343-m1-robot-bravo,critical,,safety_decision,2026-07-26T07:14:16.992Z,2026-07-26T07:14:16.994Z,SIMULATED,B2,SAFE_STOPPED,HEALTHY,SAFE_STOP,0.0,manual resume required after a safe stop
6487a18cef434778ab7f12a2541d41c1,robot-charlie,run-1785050051023-9fd5a343-m1-robot-charlie,critical,,safety_decision,2026-07-26T07:14:16.301Z,2026-07-26T07:14:16.302Z,SIMULATED,A1,SAFE_STOPPED,UNSAFE,SAFE_STOP,0.0,manual resume required after a safe stop
558c66508988469faa58655ae46d8736,robot-charlie,run-1785050051023-9fd5a343-m1-robot-charlie,critical,,safety_decision,2026-07-26T07:14:16.178Z,2026-07-26T07:14:16.180Z,SIMULATED,A1,SAFE_STOPPED,UNSAFE,SAFE_STOP,0.0,manual resume required after a safe stop
aa84d4150c324e038c24a7740fda5487,robot-charlie,run-1785050051023-9fd5a343-m1-robot-charlie,critical,,safety_decision,2026-07-26T07:14:16.113Z,2026-07-26T07:14:16.115Z,SIMULATED,A1,SAFE_STOPPED,UNSAFE,SAFE_STOP,0.0,manual resume required after a safe stop
c946e884478b48ccafb5ca5b2db737d3,robot-charlie,run-1785050051023-9fd5a343-m1-robot-charlie,critical,,safety_decision,2026-07-26T07:14:16.050Z,2026-07-26T07:14:16.051Z,SIMULATED,A1,SAFE_STOPPED,UNSAFE,SAFE_STOP,0.0,sensor health is UNSAFE: bmi270.accelY is not finite: nan
594997c99e4a4fbc8b53be5d38904550,robot-charlie,run-1785048115532-e3c5fa51-m1-robot-charlie,critical,,safety_decision,2026-07-26T06:42:01.793Z,2026-07-26T06:42:01.794Z,SIMULATED,C2,SAFE_STOPPED,UNSAFE,SAFE_STOP,0.0,manual resume required after a safe stop
2e3271c08b5a4e05a01b6d0b5bcd618e,robot-charlie,run-1785048115532-e3c5fa51-m1-robot-charlie,critical,,safety_decision,2026-07-26T06:42:01.732Z,2026-07-26T06:42:01.733Z,SIMULATED,C2,SAFE_STOPPED,UNSAFE,SAFE_STOP,0.0,manual resume required after a safe stop
07e74fffc9fe4882989d5d239b659504,robot-charlie,run-1785048115532-e3c5fa51-m1-robot-charlie,critical,,safety_decision,2026-07-26T06:42:01.670Z,2026-07-26T06:42:01.671Z,SIMULATED,C2,SAFE_STOPPED,UNSAFE,SAFE_STOP,0.0,manual resume required after a safe stop
392a7661168247c6b750bc9e380fb694,robot-charlie,run-1785048115532-e3c5fa51-m1-robot-charlie,critical,,safety_decision,2026-07-26T06:42:01.545Z,2026-07-26T06:42:01.546Z,SIMULATED,C2,SAFE_STOPPED,UNSAFE,SAFE_STOP,0.0,manual resume required after a safe stop
d6297d6f21994fb6a7284ee2e93630ab,robot-bravo,run-1785048115532-e3c5fa51-m1-robot-bravo,critical,,safety_decision,2026-07-26T06:42:01.483Z,2026-07-26T06:42:01.483Z,SIMULATED,C2,SAFE_STOPPED,HEALTHY,SAFE_STOP,0.0,manual resume required after a safe stop
65875fa4aaf64245982d932c424ef5ea,robot-charlie,run-1785048115532-e3c5fa51-m1-robot-charlie,critical,,safety_decision,2026-07-26T06:42:01.421Z,2026-07-26T06:42:01.422Z,SIMULATED,C2,SAFE_STOPPED,UNSAFE,SAFE_STOP,0.0,manual resume required after a safe stop
0e56830afbf2413e9fc29e943fd9cc07,robot-bravo,run-1785048115532-e3c5fa51-m1-robot-bravo,critical,,safety_decision,2026-07-26T06:42:01.421Z,2026-07-26T06:42:01.421Z,SIMULATED,C2,SAFE_STOPPED,HEALTHY,SAFE_STOP,0.0,manual resume required after a safe stop
6c6a3e50db3449b791b95d0636a88ffb,robot-bravo,run-1785048115532-e3c5fa51-m1-robot-bravo,critical,,safety_decision,2026-07-26T06:42:01.358Z,2026-07-26T06:42:01.362Z,SIMULATED,C2,SAFE_STOPPED,HEALTHY,SAFE_STOP,0.0,manual resume required after a safe stop
5e4c35a0f8344a229a77c3e35af29470,robot-charlie,run-1785048115532-e3c5fa51-m1-robot-charlie,critical,,safety_decision,2026-07-26T06:42:01.358Z,2026-07-26T06:42:01.359Z,SIMULATED,B2,SAFE_STOPPED,UNSAFE,SAFE_STOP,0.0,manual resume required after a safe stop
b4a969983c534299bdad49a086be5002,robot-charlie,run-1785048115532-e3c5fa51-m1-robot-charlie,critical,,safety_decision,2026-07-26T06:42:01.296Z,2026-07-26T06:42:01.297Z,SIMULATED,B2,SAFE_STOPPED,UNSAFE,SAFE_STOP,0.0,manual resume required after a safe stop
a3cfc27537aa467e9e8a6b711a3d0b03,robot-bravo,run-1785048115532-e3c5fa51-m1-robot-bravo,critical,,safety_decision,2026-07-26T06:42:01.296Z,2026-07-26T06:42:01.299Z,SIMULATED,C2,SAFE_STOPPED,HEALTHY,SAFE_STOP,0.0,manual resume required after a safe stop
31db57ca10a44a32a8e573e52eb3c55f,robot-bravo,run-1785048115532-e3c5fa51-m1-robot-bravo,critical,,safety_decision,2026-07-26T06:42:01.235Z,2026-07-26T06:42:01.237Z,SIMULATED,C2,SAFE_STOPPED,HEALTHY,SAFE_STOP,0.0,manual resume required after a safe stop
b4f03366777049dcb29a6db73688b0bf,robot-charlie,run-1785048115532-e3c5fa51-m1-robot-charlie,critical,,safety_decision,2026-07-26T06:42:01.174Z,2026-07-26T06:42:01.175Z,SIMULATED,B2,SAFE_STOPPED,UNSAFE,SAFE_STOP,0.0,manual resume required after a safe stop
19cb7b1e98a34602bd20dd520f233d6f,robot-bravo,run-1785048115532-e3c5fa51-m1-robot-bravo,critical,,safety_decision,2026-07-26T06:42:01.174Z,2026-07-26T06:42:01.175Z,SIMULATED,C2,SAFE_STOPPED,HEALTHY,SAFE_STOP,0.0,manual resume required after a safe stop
42df2d9d12f94abe9b5edd65d526c050,robot-bravo,run-1785048115532-e3c5fa51-m1-robot-bravo,critical,,safety_decision,2026-07-26T06:42:01.112Z,2026-07-26T06:42:01.113Z,SIMULATED,B2,SAFE_STOPPED,HEALTHY,SAFE_STOP,0.0,manual resume required after a safe stop
b187a2da87b546f7bdd597a4437fd183,robot-charlie,run-1785048115532-e3c5fa51-m1-robot-charlie,critical,,safety_decision,2026-07-26T06:42:00.426Z,2026-07-26T06:42:00.428Z,SIMULATED,A1,SAFE_STOPPED,UNSAFE,SAFE_STOP,0.0,manual resume required after a safe stop
97b6fe6678eb435ab9e46c25614d9c0a,robot-charlie,run-1785048115532-e3c5fa51-m1-robot-charlie,critical,,safety_decision,2026-07-26T06:42:00.302Z,2026-07-26T06:42:00.303Z,SIMULATED,A1,SAFE_STOPPED,UNSAFE,SAFE_STOP,0.0,manual resume required after a safe stop
1705fa416a1145b2bee48bbbc473dbdc,robot-charlie,run-1785048115532-e3c5fa51-m1-robot-charlie,critical,,safety_decision,2026-07-26T06:42:00.241Z,2026-07-26T06:42:00.244Z,SIMULATED,A1,SAFE_STOPPED,UNSAFE,SAFE_STOP,0.0,manual resume required after a safe stop
31f8b6e0279f48998be534da96e31177,robot-charlie,run-1785048115532-e3c5fa51-m1-robot-charlie,critical,,safety_decision,2026-07-26T06:42:00.178Z,2026-07-26T06:42:00.179Z,SIMULATED,A1,SAFE_STOPPED,UNSAFE,SAFE_STOP,0.0,sensor health is UNSAFE: bmi270.accelY is not finite: nan
74d0d0da3c504dd78cbf79dd9c66adb9,robot-charlie,run-1785047947112-3f5ce38c-m1-robot-charlie,critical,,safety_decision,2026-07-26T06:39:13.209Z,2026-07-26T06:39:13.209Z,SIMULATED,C2,SAFE_STOPPED,UNSAFE,SAFE_STOP,0.0,manual resume required after a safe stop
9ee6c6138d9246ffa258db0e1e6799d3,robot-charlie,run-1785047947112-3f5ce38c-m1-robot-charlie,critical,,safety_decision,2026-07-26T06:39:13.148Z,2026-07-26T06:39:13.149Z,SIMULATED,C2,SAFE_STOPPED,UNSAFE,SAFE_STOP,0.0,manual resume required after a safe stop
60d2189143c24ed18aa957e064acd2ab,robot-charlie,run-1785047947112-3f5ce38c-m1-robot-charlie,critical,,safety_decision,2026-07-26T06:39:13.087Z,2026-07-26T06:39:13.088Z,SIMULATED,C2,SAFE_STOPPED,UNSAFE,SAFE_STOP,0.0,manual resume required after a safe stop
baa13c69b63b42a1a9cea68cb5073fc4,robot-charlie,run-1785047947112-3f5ce38c-m1-robot-charlie,critical,,safety_decision,2026-07-26T06:39:12.962Z,2026-07-26T06:39:12.962Z,SIMULATED,C2,SAFE_STOPPED,UNSAFE,SAFE_STOP,0.0,manual resume required after a safe stop
d6456f1acbb14a7b9567f3e903a33081,robot-bravo,run-1785047947112-3f5ce38c-m1-robot-bravo,critical,,safety_decision,2026-07-26T06:39:12.914Z,2026-07-26T06:39:12.915Z,SIMULATED,C2,SAFE_STOPPED,HEALTHY,SAFE_STOP,0.0,manual resume required after a safe stop
538605470f384e0388527726add9243c,robot-bravo,run-1785047947112-3f5ce38c-m1-robot-bravo,critical,,safety_decision,2026-07-26T06:39:12.853Z,2026-07-26T06:39:12.854Z,SIMULATED,C2,SAFE_STOPPED,HEALTHY,SAFE_STOP,0.0,manual resume required after a safe stop
775dc1642fea401ca6e3ca42812620d8,robot-charlie,run-1785047947112-3f5ce38c-m1-robot-charlie,critical,,safety_decision,2026-07-26T06:39:12.838Z,2026-07-26T06:39:12.838Z,SIMULATED,C2,SAFE_STOPPED,UNSAFE,SAFE_STOP,0.0,manual resume required after a safe stop
49ff6fda87834a93846a1acd57e2daaf,robot-bravo,run-1785047947112-3f5ce38c-m1-robot-bravo,critical,,safety_decision,2026-07-26T06:39:12.790Z,2026-07-26T06:39:12.791Z,SIMULATED,C2,SAFE_STOPPED,HEALTHY,SAFE_STOP,0.0,manual resume required after a safe stop
8b1e165f3d1a46588a215be4924df5b2,robot-charlie,run-1785047947112-3f5ce38c-m1-robot-charlie,critical,,safety_decision,2026-07-26T06:39:12.775Z,2026-07-26T06:39:12.777Z,SIMULATED,B2,SAFE_STOPPED,UNSAFE,SAFE_STOP,0.0,manual resume required after a safe stop
1a0687eb1da649d8be72a93c76161ddc,robot-bravo,run-1785047947112-3f5ce38c-m1-robot-bravo,critical,,safety_decision,2026-07-26T06:39:12.729Z,2026-07-26T06:39:12.729Z,SIMULATED,C2,SAFE_STOPPED,HEALTHY,SAFE_STOP,0.0,manual resume required after a safe stop
6631d34d8559480fa8d745b41e15b2f0,robot-charlie,run-1785047947112-3f5ce38c-m1-robot-charlie,critical,,safety_decision,2026-07-26T06:39:12.713Z,2026-07-26T06:39:12.714Z,SIMULATED,B2,SAFE_STOPPED,UNSAFE,SAFE_STOP,0.0,manual resume required after a safe stop
49e76c5ec4574245ac206393b377b73a,robot-bravo,run-1785047947112-3f5ce38c-m1-robot-bravo,critical,,safety_decision,2026-07-26T06:39:12.667Z,2026-07-26T06:39:12.668Z,SIMULATED,C2,SAFE_STOPPED,HEALTHY,SAFE_STOP,0.0,manual resume required after a safe stop
5cce0f383a564e2fabee6814fcb4f0d6,robot-bravo,run-1785047947112-3f5ce38c-m1-robot-bravo,critical,,safety_decision,2026-07-26T06:39:12.606Z,2026-07-26T06:39:12.607Z,SIMULATED,C2,SAFE_STOPPED,HEALTHY,SAFE_STOP,0.0,manual resume required after a safe stop
2e7ef699bbc045fa9389d17568637a28,robot-charlie,run-1785047947112-3f5ce38c-m1-robot-charlie,critical,,safety_decision,2026-07-26T06:39:12.590Z,2026-07-26T06:39:12.590Z,SIMULATED,B2,SAFE_STOPPED,UNSAFE,SAFE_STOP,0.0,manual resume required after a safe stop
c14152a83e5d4382a9ff2f8937c8b0f6,robot-bravo,run-1785047947112-3f5ce38c-m1-robot-bravo,critical,,safety_decision,2026-07-26T06:39:12.543Z,2026-07-26T06:39:12.544Z,SIMULATED,B2,SAFE_STOPPED,HEALTHY,SAFE_STOP,0.0,manual resume required after a safe stop
e238aa4745a74cb9bdb7fa0a86ea0e37,robot-bravo,run-1785047947112-3f5ce38c-m1-robot-bravo,critical,,safety_decision,2026-07-26T06:39:12.482Z,2026-07-26T06:39:12.483Z,SIMULATED,B2,SAFE_STOPPED,HEALTHY,SAFE_STOP,0.0,manual resume required after a safe stop
cb74e7dc519d456eab36c35db97796b7,robot-charlie,run-1785047947112-3f5ce38c-m1-robot-charlie,critical,,safety_decision,2026-07-26T06:39:11.844Z,2026-07-26T06:39:11.844Z,SIMULATED,A1,SAFE_STOPPED,UNSAFE,SAFE_STOP,0.0,manual resume required after a safe stop
b401f55b158442a089ebd6ba1a4cf5a3,robot-charlie,run-1785047947112-3f5ce38c-m1-robot-charlie,critical,,safety_decision,2026-07-26T06:39:11.722Z,2026-07-26T06:39:11.725Z,SIMULATED,A1,SAFE_STOPPED,UNSAFE,SAFE_STOP,0.0,manual resume required after a safe stop
4279bdf6012b4e02be45c53469065462,robot-charlie,run-1785047947112-3f5ce38c-m1-robot-charlie,critical,,safety_decision,2026-07-26T06:39:11.658Z,2026-07-26T06:39:11.659Z,SIMULATED,A1,SAFE_STOPPED,UNSAFE,SAFE_STOP,0.0,manual resume required after a safe stop
0b57e2c245ce48e0b8941503a1d0ace7,robot-charlie,run-1785047947112-3f5ce38c-m1-robot-charlie,critical,,safety_decision,2026-07-26T06:39:11.596Z,2026-07-26T06:39:11.599Z,SIMULATED,A1,SAFE_STOPPED,UNSAFE,SAFE_STOP,0.0,sensor health is UNSAFE: bmi270.accelY is not finite: nan
f52eb5f0296748838abf8a63bbd0f2d7,robot-charlie,run-1785047775252-ac96fb15-m1-robot-charlie,critical,,safety_decision,2026-07-26T06:36:20.904Z,2026-07-26T06:36:20.905Z,SIMULATED,C2,SAFE_STOPPED,UNSAFE,SAFE_STOP,0.0,manual resume required after a safe stop
0b06e5497dd04afc96b303fc0c586a7a,robot-charlie,run-1785047775252-ac96fb15-m1-robot-charlie,critical,,safety_decision,2026-07-26T06:36:20.844Z,2026-07-26T06:36:20.844Z,SIMULATED,C2,SAFE_STOPPED,UNSAFE,SAFE_STOP,0.0,manual resume required after a safe stop
9a427d4fad6b444f9f46c8e2fd8a6719,robot-charlie,run-1785047775252-ac96fb15-m1-robot-charlie,critical,,safety_decision,2026-07-26T06:36:20.781Z,2026-07-26T06:36:20.782Z,SIMULATED,C2,SAFE_STOPPED,UNSAFE,SAFE_STOP,0.0,manual resume required after a safe stop
bc13dc97d2bf4e1c9088cb88b053b76b,robot-charlie,run-1785047775252-ac96fb15-m1-robot-charlie,critical,,safety_decision,2026-07-26T06:36:20.657Z,2026-07-26T06:36:20.658Z,SIMULATED,C2,SAFE_STOPPED,UNSAFE,SAFE_STOP,0.0,manual resume required after a safe stop
6a4016a502a147a8aa89346be43f3e46,robot-bravo,run-1785047775252-ac96fb15-m1-robot-bravo,critical,,safety_decision,2026-07-26T06:36:20.595Z,2026-07-26T06:36:20.596Z,SIMULATED,C2,SAFE_STOPPED,HEALTHY,SAFE_STOP,0.0,manual resume required after a safe stop
f06cd1c1fbb843f392f10e435a926876,robot-bravo,run-1785047775252-ac96fb15-m1-robot-bravo,critical,,safety_decision,2026-07-26T06:36:20.532Z,2026-07-26T06:36:20.534Z,SIMULATED,C2,SAFE_STOPPED,HEALTHY,SAFE_STOP,0.0,manual resume required after a safe stop
cf54c67e59cb489ab9f0f259fe5d1caa,robot-charlie,run-1785047775252-ac96fb15-m1-robot-charlie,critical,,safety_decision,2026-07-26T06:36:20.532Z,2026-07-26T06:36:20.533Z,SIMULATED,C2,SAFE_STOPPED,UNSAFE,SAFE_STOP,0.0,manual resume required after a safe stop
6e43af9d30e14930904b05e3a0d1dc9c,robot-charlie,run-1785047775252-ac96fb15-m1-robot-charlie,critical,,safety_decision,2026-07-26T06:36:20.471Z,2026-07-26T06:36:20.472Z,SIMULATED,B2,SAFE_STOPPED,UNSAFE,SAFE_STOP,0.0,manual resume required after a safe stop
39e1336990514da9931e35546a6944a2,robot-bravo,run-1785047775252-ac96fb15-m1-robot-bravo,critical,,safety_decision,2026-07-26T06:36:20.471Z,2026-07-26T06:36:20.472Z,SIMULATED,C2,SAFE_STOPPED,HEALTHY,SAFE_STOP,0.0,manual resume required after a safe stop
69eded3514ab4922809483d12c7cfb01,robot-charlie,run-1785047775252-ac96fb15-m1-robot-charlie,critical,,safety_decision,2026-07-26T06:36:20.408Z,2026-07-26T06:36:20.409Z,SIMULATED,B2,SAFE_STOPPED,UNSAFE,SAFE_STOP,0.0,manual resume required after a safe stop
0430a5b47ec64570bda4d23cfbbcb575,robot-bravo,run-1785047775252-ac96fb15-m1-robot-bravo,critical,,safety_decision,2026-07-26T06:36:20.408Z,2026-07-26T06:36:20.409Z,SIMULATED,C2,SAFE_STOPPED,HEALTHY,SAFE_STOP,0.0,manual resume required after a safe stop
3598be61384c4dc6a2a8f0f5ee873742,robot-bravo,run-1785047775252-ac96fb15-m1-robot-bravo,critical,,safety_decision,2026-07-26T06:36:20.346Z,2026-07-26T06:36:20.348Z,SIMULATED,C2,SAFE_STOPPED,HEALTHY,SAFE_STOP,0.0,manual resume required after a safe stop
9f9dc2758dce4781942b5c99f8ef6ee6,robot-bravo,run-1785047775252-ac96fb15-m1-robot-bravo,critical,,safety_decision,2026-07-26T06:36:20.282Z,2026-07-26T06:36:20.284Z,SIMULATED,C2,SAFE_STOPPED,HEALTHY,SAFE_STOP,0.0,manual resume required after a safe stop
42fbb09a39424da0905f662107099103,robot-charlie,run-1785047775252-ac96fb15-m1-robot-charlie,critical,,safety_decision,2026-07-26T06:36:20.282Z,2026-07-26T06:36:20.286Z,SIMULATED,B2,SAFE_STOPPED,UNSAFE,SAFE_STOP,0.0,manual resume required after a safe stop
c7c32d0cc9b14f42b9f7c4ebc24c2803,robot-bravo,run-1785047775252-ac96fb15-m1-robot-bravo,critical,,safety_decision,2026-07-26T06:36:20.220Z,2026-07-26T06:36:20.222Z,SIMULATED,B2,SAFE_STOPPED,HEALTHY,SAFE_STOP,0.0,manual resume required after a safe stop
4025f79065ed439db1427788ab7b7597,robot-charlie,run-1785047775252-ac96fb15-m1-robot-charlie,critical,,safety_decision,2026-07-26T06:36:19.532Z,2026-07-26T06:36:19.535Z,SIMULATED,A1,SAFE_STOPPED,UNSAFE,SAFE_STOP,0.0,manual resume required after a safe stop
30a17fb9002f4b76ab297614282b1032,robot-charlie,run-1785047775252-ac96fb15-m1-robot-charlie,critical,,safety_decision,2026-07-26T06:36:19.407Z,2026-07-26T06:36:19.409Z,SIMULATED,A1,SAFE_STOPPED,UNSAFE,SAFE_STOP,0.0,manual resume required after a safe stop
2bc150e48a304f7d8a7059805581bbc0,robot-charlie,run-1785047775252-ac96fb15-m1-robot-charlie,critical,,safety_decision,2026-07-26T06:36:19.345Z,2026-07-26T06:36:19.347Z,SIMULATED,A1,SAFE_STOPPED,UNSAFE,SAFE_STOP,0.0,manual resume required after a safe stop
3da59c72c12d4002bea1ba3d27a21396,robot-charlie,run-1785047775252-ac96fb15-m1-robot-charlie,critical,,safety_decision,2026-07-26T06:36:19.283Z,2026-07-26T06:36:19.286Z,SIMULATED,A1,SAFE_STOPPED,UNSAFE,SAFE_STOP,0.0,sensor health is UNSAFE: bmi270.accelY is not finite: nan
15cde0edef25473db6df79c6ceea5136,robot-charlie,run-1785046485044-d7a89f62-m1-robot-charlie,critical,,safety_decision,2026-07-26T06:14:50.992Z,2026-07-26T06:14:50.993Z,SIMULATED,C2,SAFE_STOPPED,UNSAFE,SAFE_STOP,0.0,manual resume required after a safe stop
457b4ee8c8004843beb76f6db43e8dd9,robot-charlie,run-1785046485044-d7a89f62-m1-robot-charlie,critical,,safety_decision,2026-07-26T06:14:50.930Z,2026-07-26T06:14:50.931Z,SIMULATED,C2,SAFE_STOPPED,UNSAFE,SAFE_STOP,0.0,manual resume required after a safe stop
8ae9ccae712146d39ddd4286ad3b619d,robot-charlie,run-1785046485044-d7a89f62-m1-robot-charlie,critical,,safety_decision,2026-07-26T06:14:50.866Z,2026-07-26T06:14:50.866Z,SIMULATED,C2,SAFE_STOPPED,UNSAFE,SAFE_STOP,0.0,manual resume required after a safe stop
ce789cda2f584a12830ec9cba8c48eb0,robot-charlie,run-1785046485044-d7a89f62-m1-robot-charlie,critical,,safety_decision,2026-07-26T06:14:50.741Z,2026-07-26T06:14:50.742Z,SIMULATED,C2,SAFE_STOPPED,UNSAFE,SAFE_STOP,0.0,manual resume required after a safe stop
c8739669c1c744b48b8b2beced7f94b4,robot-bravo,run-1785046485044-d7a89f62-m1-robot-bravo,critical,,safety_decision,2026-07-26T06:14:50.678Z,2026-07-26T06:14:50.680Z,SIMULATED,C2,SAFE_STOPPED,HEALTHY,SAFE_STOP,0.0,manual resume required after a safe stop
4c4dc4f123ac4738ae57b98e30e330ca,robot-bravo,run-1785046485044-d7a89f62-m1-robot-bravo,critical,,safety_decision,2026-07-26T06:14:50.616Z,2026-07-26T06:14:50.616Z,SIMULATED,C2,SAFE_STOPPED,HEALTHY,SAFE_STOP,0.0,manual resume required after a safe stop
0118c5e1586e4aaaa2e5b5e4a51f199d,robot-charlie,run-1785046485044-d7a89f62-m1-robot-charlie,critical,,safety_decision,2026-07-26T06:14:50.616Z,2026-07-26T06:14:50.618Z,SIMULATED,C2,SAFE_STOPPED,UNSAFE,SAFE_STOP,0.0,manual resume required after a safe stop
edc8486da0504719afc9d497a3742306,robot-bravo,run-1785046485044-d7a89f62-m1-robot-bravo,critical,,safety_decision,2026-07-26T06:14:50.558Z,2026-07-26T06:14:50.560Z,SIMULATED,C2,SAFE_STOPPED,HEALTHY,SAFE_STOP,0.0,manual resume required after a safe stop
0c188f40a61e469982bd2d8f125918df,robot-charlie,run-1785046485044-d7a89f62-m1-robot-charlie,critical,,safety_decision,2026-07-26T06:14:50.555Z,2026-07-26T06:14:50.556Z,SIMULATED,B2,SAFE_STOPPED,UNSAFE,SAFE_STOP,0.0,manual resume required after a safe stop
da230d7badd442ccbcfead20e2b2e803,robot-charlie,run-1785046485044-d7a89f62-m1-robot-charlie,critical,,safety_decision,2026-07-26T06:14:50.492Z,2026-07-26T06:14:50.496Z,SIMULATED,B2,SAFE_STOPPED,UNSAFE,SAFE_STOP,0.0,manual resume required after a safe stop
3b6d016046fb4fa9933bd40a770865fe,robot-bravo,run-1785046485044-d7a89f62-m1-robot-bravo,critical,,safety_decision,2026-07-26T06:14:50.492Z,2026-07-26T06:14:50.494Z,SIMULATED,C2,SAFE_STOPPED,HEALTHY,SAFE_STOP,0.0,manual resume required after a safe stop
e1d19fb587d64605854a32170a72d82f,robot-bravo,run-1785046485044-d7a89f62-m1-robot-bravo,critical,,safety_decision,2026-07-26T06:14:50.430Z,2026-07-26T06:14:50.431Z,SIMULATED,C2,SAFE_STOPPED,HEALTHY,SAFE_STOP,0.0,manual resume required after a safe stop
dd0720e69ca749f8a1f5676e643e88a9,robot-charlie,run-1785046485044-d7a89f62-m1-robot-charlie,critical,,safety_decision,2026-07-26T06:14:50.367Z,2026-07-26T06:14:50.369Z,SIMULATED,B2,SAFE_STOPPED,UNSAFE,SAFE_STOP,0.0,manual resume required after a safe stop
6382eb9f6f3e44d18fe4324d4c2ba80b,robot-bravo,run-1785046485044-d7a89f62-m1-robot-bravo,critical,,safety_decision,2026-07-26T06:14:50.367Z,2026-07-26T06:14:50.369Z,SIMULATED,C2,SAFE_STOPPED,HEALTHY,SAFE_STOP,0.0,manual resume required after a safe stop
ab0267a3221d4be0ba2b0405e8fa02e2,robot-bravo,run-1785046485044-d7a89f62-m1-robot-bravo,critical,,safety_decision,2026-07-26T06:14:50.305Z,2026-07-26T06:14:50.306Z,SIMULATED,B2,SAFE_STOPPED,HEALTHY,SAFE_STOP,0.0,manual resume required after a safe stop
466e8f8b63ba4179bc3a546c2da7ea76,robot-charlie,run-1785046485044-d7a89f62-m1-robot-charlie,critical,,safety_decision,2026-07-26T06:14:49.614Z,2026-07-26T06:14:49.615Z,SIMULATED,A1,SAFE_STOPPED,UNSAFE,SAFE_STOP,0.0,manual resume required after a safe stop
21b4871d8ff544fca60414ebfeca348a,robot-charlie,run-1785046485044-d7a89f62-m1-robot-charlie,critical,,safety_decision,2026-07-26T06:14:49.490Z,2026-07-26T06:14:49.491Z,SIMULATED,A1,SAFE_STOPPED,UNSAFE,SAFE_STOP,0.0,manual resume required after a safe stop
444641ca599f4578a7433510713c9d65,robot-charlie,run-1785046485044-d7a89f62-m1-robot-charlie,critical,,safety_decision,2026-07-26T06:14:49.429Z,2026-07-26T06:14:49.431Z,SIMULATED,A1,SAFE_STOPPED,UNSAFE,SAFE_STOP,0.0,manual resume required after a safe stop
08256ad2f13640be81da21ee657805ad,robot-charlie,run-1785046485044-d7a89f62-m1-robot-charlie,critical,,safety_decision,2026-07-26T06:14:49.367Z,2026-07-26T06:14:49.368Z,SIMULATED,A1,SAFE_STOPPED,UNSAFE,SAFE_STOP,0.0,sensor health is UNSAFE: bmi270.accelY is not finite: nan
aa14c57d92064c91a7321dfa6f435a10,robot-charlie,run-1785046397111-01fb14f7-m1-robot-charlie,critical,,safety_decision,2026-07-26T06:13:23.474Z,2026-07-26T06:13:23.474Z,SIMULATED,C2,SAFE_STOPPED,UNSAFE,SAFE_STOP,0.0,manual resume required after a safe stop
aa061d320fde4db991ca8cc224cfdb7c,robot-charlie,run-1785046397111-01fb14f7-m1-robot-charlie,critical,,safety_decision,2026-07-26T06:13:23.412Z,2026-07-26T06:13:23.413Z,SIMULATED,C2,SAFE_STOPPED,UNSAFE,SAFE_STOP,0.0,manual resume required after a safe stop
812d18439ac445cca5a7efd822513271,robot-charlie,run-1785046397111-01fb14f7-m1-robot-charlie,critical,,safety_decision,2026-07-26T06:13:23.348Z,2026-07-26T06:13:23.349Z,SIMULATED,C2,SAFE_STOPPED,UNSAFE,SAFE_STOP,0.0,manual resume required after a safe stop
a282b1e619d049b99e795c2ac680b5fe,robot-charlie,run-1785046397111-01fb14f7-m1-robot-charlie,critical,,safety_decision,2026-07-26T06:13:23.225Z,2026-07-26T06:13:23.226Z,SIMULATED,C2,SAFE_STOPPED,UNSAFE,SAFE_STOP,0.0,manual resume required after a safe stop
02034a30af4a487cb57544a68f04cf71,robot-bravo,run-1785046397111-01fb14f7-m1-robot-bravo,critical,,safety_decision,2026-07-26T06:13:23.164Z,2026-07-26T06:13:23.165Z,SIMULATED,C2,SAFE_STOPPED,HEALTHY,SAFE_STOP,0.0,manual resume required after a safe stop
b9ed4c0bd9be487a8a5ad078e1aef84f,robot-bravo,run-1785046397111-01fb14f7-m1-robot-bravo,critical,,safety_decision,2026-07-26T06:13:23.102Z,2026-07-26T06:13:23.103Z,SIMULATED,C2,SAFE_STOPPED,HEALTHY,SAFE_STOP,0.0,manual resume required after a safe stop
94f4e908837a425a9b851d8d968dd49f,robot-charlie,run-1785046397111-01fb14f7-m1-robot-charlie,critical,,safety_decision,2026-07-26T06:13:23.102Z,2026-07-26T06:13:23.103Z,SIMULATED,C2,SAFE_STOPPED,UNSAFE,SAFE_STOP,0.0,manual resume required after a safe stop
dc71d7c9c6074914b800f73acdcfabe1,robot-bravo,run-1785046397111-01fb14f7-m1-robot-bravo,critical,,safety_decision,2026-07-26T06:13:23.039Z,2026-07-26T06:13:23.043Z,SIMULATED,C2,SAFE_STOPPED,HEALTHY,SAFE_STOP,0.0,manual resume required after a safe stop
c57534d00ffa47da880b8156c4b939a9,robot-charlie,run-1785046397111-01fb14f7-m1-robot-charlie,critical,,safety_decision,2026-07-26T06:13:23.039Z,2026-07-26T06:13:23.041Z,SIMULATED,B2,SAFE_STOPPED,UNSAFE,SAFE_STOP,0.0,manual resume required after a safe stop
730825a32734410cbcc40ac588a846f0,robot-charlie,run-1785046397111-01fb14f7-m1-robot-charlie,critical,,safety_decision,2026-07-26T06:13:22.977Z,2026-07-26T06:13:22.979Z,SIMULATED,B2,SAFE_STOPPED,UNSAFE,SAFE_STOP,0.0,manual resume required after a safe stop
38439cd1761b4733b321616d1889d037,robot-bravo,run-1785046397111-01fb14f7-m1-robot-bravo,critical,,safety_decision,2026-07-26T06:13:22.977Z,2026-07-26T06:13:22.978Z,SIMULATED,C2,SAFE_STOPPED,HEALTHY,SAFE_STOP,0.0,manual resume required after a safe stop
70002d8d6c8448a681f7c90a3a6b8b5f,robot-bravo,run-1785046397111-01fb14f7-m1-robot-bravo,critical,,safety_decision,2026-07-26T06:13:22.916Z,2026-07-26T06:13:22.923Z,SIMULATED,C2,SAFE_STOPPED,HEALTHY,SAFE_STOP,0.0,manual resume required after a safe stop
f3e9e253bca54d02acb00c96bfac1994,robot-bravo,run-1785046397111-01fb14f7-m1-robot-bravo,critical,,safety_decision,2026-07-26T06:13:22.856Z,2026-07-26T06:13:22.857Z,SIMULATED,C2,SAFE_STOPPED,HEALTHY,SAFE_STOP,0.0,manual resume required after a safe stop
4595566e515640e5a363a8d7adbab794,robot-charlie,run-1785046397111-01fb14f7-m1-robot-charlie,critical,,safety_decision,2026-07-26T06:13:22.856Z,2026-07-26T06:13:22.856Z,SIMULATED,B2,SAFE_STOPPED,UNSAFE,SAFE_STOP,0.0,manual resume required after a safe stop
c842e06be7c448e481db5d7cdbac2b4d,robot-bravo,run-1785046397111-01fb14f7-m1-robot-bravo,critical,,safety_decision,2026-07-26T06:13:22.794Z,2026-07-26T06:13:22.796Z,SIMULATED,B2,SAFE_STOPPED,HEALTHY,SAFE_STOP,0.0,manual resume required after a safe stop
26894a98dc364d5a81892552aacd339a,robot-charlie,run-1785046397111-01fb14f7-m1-robot-charlie,critical,,safety_decision,2026-07-26T06:13:22.105Z,2026-07-26T06:13:22.106Z,SIMULATED,A1,SAFE_STOPPED,UNSAFE,SAFE_STOP,0.0,manual resume required after a safe stop
2b7a2a53cfe9489497a2177f9e575894,robot-charlie,run-1785046397111-01fb14f7-m1-robot-charlie,critical,,safety_decision,2026-07-26T06:13:21.980Z,2026-07-26T06:13:21.981Z,SIMULATED,A1,SAFE_STOPPED,UNSAFE,SAFE_STOP,0.0,manual resume required after a safe stop
a8bc406c53ae478a993ee9c289be8547,robot-charlie,run-1785046397111-01fb14f7-m1-robot-charlie,critical,,safety_decision,2026-07-26T06:13:21.916Z,2026-07-26T06:13:21.918Z,SIMULATED,A1,SAFE_STOPPED,UNSAFE,SAFE_STOP,0.0,manual resume required after a safe stop
df562009821749a0a33f9fdbd3e94a5b,robot-charlie,run-1785046397111-01fb14f7-m1-robot-charlie,critical,,safety_decision,2026-07-26T06:13:21.852Z,2026-07-26T06:13:21.854Z,SIMULATED,A1,SAFE_STOPPED,UNSAFE,SAFE_STOP,0.0,sensor health is UNSAFE: bmi270.accelY is not finite: nan
3e1c528b689a42af956e57ccb261fd35,robot-charlie,m1-robot-charlie,critical,,safety_decision,2026-07-26T05:57:32.823Z,2026-07-26T05:57:32.823Z,SIMULATED,A1,SAFE_STOPPED,UNSAFE,SAFE_STOP,0.0,manual resume required after a safe stop
cf59594fd5f248ab9512f41ad8f75eb7,robot-charlie,m1-robot-charlie,critical,,safety_decision,2026-07-26T05:57:32.699Z,2026-07-26T05:57:32.700Z,SIMULATED,A1,SAFE_STOPPED,UNSAFE,SAFE_STOP,0.0,manual resume required after a safe stop
c80914f37527416484a665f2c82f2304,robot-charlie,m1-robot-charlie,critical,,safety_decision,2026-07-26T05:57:32.638Z,2026-07-26T05:57:32.639Z,SIMULATED,A1,SAFE_STOPPED,UNSAFE,SAFE_STOP,0.0,manual resume required after a safe stop
8949aea7091c4239a0a2129d6a79f1cb,robot-charlie,m1-robot-charlie,critical,,safety_decision,2026-07-26T05:57:32.576Z,2026-07-26T05:57:32.579Z,SIMULATED,A1,SAFE_STOPPED,UNSAFE,SAFE_STOP,0.0,sensor health is UNSAFE: bmi270.accelY is not finite: nan
ede4f647ecf64822960776dd4156ca7f,robot-charlie,m1-robot-charlie,critical,,safety_decision,2026-07-26T05:42:09.429Z,2026-07-26T05:42:09.429Z,SIMULATED,A1,SAFE_STOPPED,UNSAFE,SAFE_STOP,0.0,manual resume required after a safe stop
67170e7f0c1f4ffd8ecd9ad9004b0012,robot-charlie,m1-robot-charlie,critical,,safety_decision,2026-07-26T05:42:09.304Z,2026-07-26T05:42:09.307Z,SIMULATED,A1,SAFE_STOPPED,UNSAFE,SAFE_STOP,0.0,manual resume required after a safe stop
0591a8775ee445da9f170a33caae6609,robot-charlie,m1-robot-charlie,critical,,safety_decision,2026-07-26T05:42:09.243Z,2026-07-26T05:42:09.245Z,SIMULATED,A1,SAFE_STOPPED,UNSAFE,SAFE_STOP,0.0,manual resume required after a safe stop
c39adb6f84f74f0d80ba2291cc97f272,robot-charlie,m1-robot-charlie,critical,,safety_decision,2026-07-26T05:42:09.180Z,2026-07-26T05:42:09.183Z,SIMULATED,A1,SAFE_STOPPED,UNSAFE,SAFE_STOP,0.0,sensor health is UNSAFE: bmi270.accelY is not finite: nan
dc446deb62fa41f7bf873ff6a7c4e5ca,robot-charlie,m1-robot-charlie,critical,,safety_decision,2026-07-26T05:40:52.427Z,2026-07-26T05:40:52.428Z,SIMULATED,A1,SAFE_STOPPED,UNSAFE,SAFE_STOP,0.0,manual resume required after a safe stop
f64b1dc222724427a265e97ecb506631,robot-charlie,m1-robot-charlie,critical,,safety_decision,2026-07-26T05:40:52.302Z,2026-07-26T05:40:52.303Z,SIMULATED,A1,SAFE_STOPPED,UNSAFE,SAFE_STOP,0.0,manual resume required after a safe stop
01ed7bd6ae5048e8944b63626a1ac47b,robot-charlie,m1-robot-charlie,critical,,safety_decision,2026-07-26T05:40:52.242Z,2026-07-26T05:40:52.244Z,SIMULATED,A1,SAFE_STOPPED,UNSAFE,SAFE_STOP,0.0,manual resume required after a safe stop
935c66c899944cb6a2cf721b7558a10e,robot-charlie,m1-robot-charlie,critical,,safety_decision,2026-07-26T05:40:52.178Z,2026-07-26T05:40:52.178Z,SIMULATED,A1,SAFE_STOPPED,UNSAFE,SAFE_STOP,0.0,sensor health is UNSAFE: bmi270.accelY is not finite: nan
5b7c5fdb943f47d6a87dccaa4378f7cb,robot-charlie,m1-robot-charlie,critical,,safety_decision,2026-07-26T05:39:42.554Z,2026-07-26T05:39:42.555Z,SIMULATED,A1,SAFE_STOPPED,UNSAFE,SAFE_STOP,0.0,manual resume required after a safe stop
cd7de985b74042dc9929377da006c99a,robot-charlie,m1-robot-charlie,critical,,safety_decision,2026-07-26T05:39:42.431Z,2026-07-26T05:39:42.432Z,SIMULATED,A1,SAFE_STOPPED,UNSAFE,SAFE_STOP,0.0,manual resume required after a safe stop
3e16fb7d97284be088800fb4f0d351c2,robot-charlie,m1-robot-charlie,critical,,safety_decision,2026-07-26T05:39:42.369Z,2026-07-26T05:39:42.370Z,SIMULATED,A1,SAFE_STOPPED,UNSAFE,SAFE_STOP,0.0,manual resume required after a safe stop
4273288c48fb4184b1fd52e733402e04,robot-charlie,m1-robot-charlie,critical,,safety_decision,2026-07-26T05:39:42.306Z,2026-07-26T05:39:42.307Z,SIMULATED,A1,SAFE_STOPPED,UNSAFE,SAFE_STOP,0.0,sensor health is UNSAFE: bmi270.accelY is not finite: nan
d4fe6c16b0f643d7b20dc2327ae63a88,robot-charlie,m1-robot-charlie,critical,,safety_decision,2026-07-26T05:17:53.275Z,2026-07-26T05:17:53.277Z,SIMULATED,A1,SAFE_STOPPED,UNSAFE,SAFE_STOP,0.0,manual resume required after a safe stop
7ff1c825cd95400f98bddf6efa6c0739,robot-charlie,m1-robot-charlie,critical,,safety_decision,2026-07-26T05:17:53.152Z,2026-07-26T05:17:53.152Z,SIMULATED,A1,SAFE_STOPPED,UNSAFE,SAFE_STOP,0.0,manual resume required after a safe stop
24ff9195549447f7832e81d936b5c136,robot-charlie,m1-robot-charlie,critical,,safety_decision,2026-07-26T05:17:53.096Z,2026-07-26T05:17:53.098Z,SIMULATED,A1,SAFE_STOPPED,UNSAFE,SAFE_STOP,0.0,manual resume required after a safe stop
da87f99945bd49199c1ffcfb7d78ff39,robot-charlie,m1-robot-charlie,critical,,safety_decision,2026-07-26T05:17:53.028Z,2026-07-26T05:17:53.029Z,SIMULATED,A1,SAFE_STOPPED,UNSAFE,SAFE_STOP,0.0,sensor health is UNSAFE: bmi270.accelY is not finite: nan
61519d964f65450cb8903a2771f47d68,robot-charlie,m1-robot-charlie,critical,,safety_decision,2026-07-26T05:11:46.348Z,2026-07-26T05:11:46.352Z,SIMULATED,A1,SAFE_STOPPED,UNSAFE,SAFE_STOP,0.0,manual resume required after a safe stop
a2c35cd40c3d4a47b8dbb95b0e61119b,robot-charlie,m1-robot-charlie,critical,,safety_decision,2026-07-26T05:11:46.226Z,2026-07-26T05:11:46.227Z,SIMULATED,A1,SAFE_STOPPED,UNSAFE,SAFE_STOP,0.0,manual resume required after a safe stop
d6a44b7d1c6d4285ad1544ad6a35453f,robot-charlie,m1-robot-charlie,critical,,safety_decision,2026-07-26T05:11:46.163Z,2026-07-26T05:11:46.165Z,SIMULATED,A1,SAFE_STOPPED,UNSAFE,SAFE_STOP,0.0,manual resume required after a safe stop
bf67cabed2314512881630c2a744d5a2,robot-charlie,m1-robot-charlie,critical,,safety_decision,2026-07-26T05:11:46.101Z,2026-07-26T05:11:46.103Z,SIMULATED,A1,SAFE_STOPPED,UNSAFE,SAFE_STOP,0.0,sensor health is UNSAFE: bmi270.accelY is not finite: nan
4633c826f367449bb56557f8eff0d1fe,robot-charlie,m1-robot-charlie,critical,,safety_decision,2026-07-26T05:02:43.529Z,2026-07-26T05:02:43.532Z,SIMULATED,A1,SAFE_STOPPED,UNSAFE,SAFE_STOP,0.0,manual resume required after a safe stop
ba7c8f95c97d410b8cc793ccd035c4d1,robot-charlie,m1-robot-charlie,critical,,safety_decision,2026-07-26T05:02:43.404Z,2026-07-26T05:02:43.406Z,SIMULATED,A1,SAFE_STOPPED,UNSAFE,SAFE_STOP,0.0,manual resume required after a safe stop
1e495ec59a864865ab4037fb8214cb95,robot-charlie,m1-robot-charlie,critical,,safety_decision,2026-07-26T05:02:43.342Z,2026-07-26T05:02:43.345Z,SIMULATED,A1,SAFE_STOPPED,UNSAFE,SAFE_STOP,0.0,manual resume required after a safe stop
15f3f7a8a9ef4225acb50fd39cbee0fe,robot-charlie,m1-robot-charlie,critical,,safety_decision,2026-07-26T05:02:43.280Z,2026-07-26T05:02:43.281Z,SIMULATED,A1,SAFE_STOPPED,UNSAFE,SAFE_STOP,0.0,sensor health is UNSAFE: bmi270.accelY is not finite: nan
472986dbfbf446f2824c62c011c5cab2,robot-charlie,m1-robot-charlie,critical,,safety_decision,2026-07-26T05:02:34.674Z,2026-07-26T05:02:34.677Z,SIMULATED,A1,SAFE_STOPPED,UNSAFE,SAFE_STOP,0.0,manual resume required after a safe stop
8042bae825894052b2c84f8d169ae476,robot-charlie,m1-robot-charlie,critical,,safety_decision,2026-07-26T05:02:34.551Z,2026-07-26T05:02:34.554Z,SIMULATED,A1,SAFE_STOPPED,UNSAFE,SAFE_STOP,0.0,manual resume required after a safe stop
8d4e5a76bd8648bbbb91af45d84dc427,robot-charlie,m1-robot-charlie,critical,,safety_decision,2026-07-26T05:02:34.488Z,2026-07-26T05:02:34.492Z,SIMULATED,A1,SAFE_STOPPED,UNSAFE,SAFE_STOP,0.0,manual resume required after a safe stop
0af47c8e48de410a85b10e82387aae8e,robot-charlie,m1-robot-charlie,critical,,safety_decision,2026-07-26T05:02:34.426Z,2026-07-26T05:02:34.427Z,SIMULATED,A1,SAFE_STOPPED,UNSAFE,SAFE_STOP,0.0,sensor health is UNSAFE: bmi270.accelY is not finite: nan
05a949248e0049ec9e5626bc71364964,robot-charlie,m1-robot-charlie,critical,,safety_decision,2026-07-26T05:02:24.849Z,2026-07-26T05:02:24.851Z,SIMULATED,A1,SAFE_STOPPED,UNSAFE,SAFE_STOP,0.0,manual resume required after a safe stop
7787f6a980434b20b9c4cdc8831f67a4,robot-charlie,m1-robot-charlie,critical,,safety_decision,2026-07-26T05:02:24.728Z,2026-07-26T05:02:24.729Z,SIMULATED,A1,SAFE_STOPPED,UNSAFE,SAFE_STOP,0.0,manual resume required after a safe stop
793f89ff336a44279f190ad3acf997b7,robot-charlie,m1-robot-charlie,critical,,safety_decision,2026-07-26T05:02:24.666Z,2026-07-26T05:02:24.668Z,SIMULATED,A1,SAFE_STOPPED,UNSAFE,SAFE_STOP,0.0,manual resume required after a safe stop
e9effa0cbf074221903b00d0a6536b64,robot-charlie,m1-robot-charlie,critical,,safety_decision,2026-07-26T05:02:24.604Z,2026-07-26T05:02:24.605Z,SIMULATED,A1,SAFE_STOPPED,UNSAFE,SAFE_STOP,0.0,sensor health is UNSAFE: bmi270.accelY is not finite: nan
b091f64190264144a9769718008f9864,robot-charlie,m1-robot-charlie,critical,,safety_decision,2026-07-26T05:01:55.759Z,2026-07-26T05:01:55.760Z,SIMULATED,A1,SAFE_STOPPED,UNSAFE,SAFE_STOP,0.0,manual resume required after a safe stop
4c925055fbb54b28a86b3671825a464b,robot-charlie,m1-robot-charlie,critical,,safety_decision,2026-07-26T05:01:55.634Z,2026-07-26T05:01:55.637Z,SIMULATED,A1,SAFE_STOPPED,UNSAFE,SAFE_STOP,0.0,manual resume required after a safe stop
15d5f04f9f4449fa9646e82a76484028,robot-charlie,m1-robot-charlie,critical,,safety_decision,2026-07-26T05:01:55.573Z,2026-07-26T05:01:55.575Z,SIMULATED,A1,SAFE_STOPPED,UNSAFE,SAFE_STOP,0.0,manual resume required after a safe stop
6b847ab38bc049e3880cf8635275b1ac,robot-charlie,m1-robot-charlie,critical,,safety_decision,2026-07-26T05:01:55.511Z,2026-07-26T05:01:55.513Z,SIMULATED,A1,SAFE_STOPPED,UNSAFE,SAFE_STOP,0.0,sensor health is UNSAFE: bmi270.accelY is not finite: nan
7643995b9d0647d8a6fafc5a221be6a2,robot-charlie,m1-robot-charlie,critical,,safety_decision,2026-07-26T05:01:11.188Z,2026-07-26T05:01:11.307Z,SIMULATED,A1,SAFE_STOPPED,UNSAFE,SAFE_STOP,0.0,manual resume required after a safe stop
30bbdc758b5643d5a311dee6f85ec00e,robot-charlie,m1-robot-charlie,critical,,safety_decision,2026-07-26T05:01:11.088Z,2026-07-26T05:01:11.183Z,SIMULATED,A1,SAFE_STOPPED,UNSAFE,SAFE_STOP,0.0,manual resume required after a safe stop
2928b77ed81e4f78934822e14ac90443,robot-charlie,m1-robot-charlie,critical,,safety_decision,2026-07-26T05:01:11.038Z,2026-07-26T05:01:11.119Z,SIMULATED,A1,SAFE_STOPPED,UNSAFE,SAFE_STOP,0.0,manual resume required after a safe stop
9b19b6c2929948d39acc37be89240816,robot-charlie,m1-robot-charlie,critical,,safety_decision,2026-07-26T05:01:10.988Z,2026-07-26T05:01:11.061Z,SIMULATED,A1,SAFE_STOPPED,UNSAFE,SAFE_STOP,0.0,sensor health is UNSAFE: bmi270.accelY is not finite: nan
2fb39a606d9a4428b512836a9630318b,robot-bravo,m1-robot-bravo,critical,,safety_decision,2026-07-26T04:59:52.841Z,2026-07-26T04:59:57.912Z,SIMULATED,C2,SAFE_STOPPED,UNSAFE,SAFE_STOP,0.0,manual resume required after a safe stop
72a15f6a28c14a0d9211d870169b2373,robot-alpha,m1-robot-alpha,critical,,safety_decision,2026-07-26T04:59:52.840Z,2026-07-26T04:59:57.716Z,SIMULATED,C2,SAFE_STOPPED,UNSAFE,SAFE_STOP,0.0,manual resume required after a safe stop
66563704124b40f68726ce39c32ffd49,robot-charlie,m1-robot-charlie,critical,,safety_decision,2026-07-26T04:59:52.820Z,2026-07-26T04:59:57.910Z,SIMULATED,C2,SAFE_STOPPED,UNSAFE,SAFE_STOP,0.0,manual resume required after a safe stop
bf3c40123af54e0295bc97506d7d051a,robot-bravo,m1-robot-bravo,critical,,safety_decision,2026-07-26T04:59:52.791Z,2026-07-26T04:59:57.614Z,SIMULATED,C2,SAFE_STOPPED,UNSAFE,SAFE_STOP,0.0,manual resume required after a safe stop
5095a082a213491db73e1fef75f2fe21,robot-alpha,m1-robot-alpha,critical,,safety_decision,2026-07-26T04:59:52.790Z,2026-07-26T04:59:57.526Z,SIMULATED,C2,SAFE_STOPPED,UNSAFE,SAFE_STOP,0.0,manual resume required after a safe stop
e8c1512f49694c4cb7fcd847bde1862c,robot-charlie,m1-robot-charlie,critical,,safety_decision,2026-07-26T04:59:52.770Z,2026-07-26T04:59:57.637Z,SIMULATED,C2,SAFE_STOPPED,UNSAFE,SAFE_STOP,0.0,manual resume required after a safe stop
5dea44b49da34f98aa115fc9f9ccabeb,robot-bravo,m1-robot-bravo,critical,,safety_decision,2026-07-26T04:59:52.741Z,2026-07-26T04:59:57.388Z,SIMULATED,C2,SAFE_STOPPED,UNSAFE,SAFE_STOP,0.0,manual resume required after a safe stop
a9b68c0b0c9043858cf0538b5adfcbab,robot-alpha,m1-robot-alpha,critical,,safety_decision,2026-07-26T04:59:52.740Z,2026-07-26T04:59:57.367Z,SIMULATED,C2,SAFE_STOPPED,UNSAFE,SAFE_STOP,0.0,manual resume required after a safe stop
69a51956d9af41dc9bdf4e2756b30960,robot-charlie,m1-robot-charlie,critical,,safety_decision,2026-07-26T04:59:52.720Z,2026-07-26T04:59:57.423Z,SIMULATED,C2,SAFE_STOPPED,UNSAFE,SAFE_STOP,0.0,manual resume required after a safe stop
32c485ae71ea47beba9ba3b511067c54,robot-bravo,m1-robot-bravo,critical,,safety_decision,2026-07-26T04:59:52.691Z,2026-07-26T04:59:57.062Z,SIMULATED,C2,SAFE_STOPPED,UNSAFE,SAFE_STOP,0.0,manual resume required after a safe stop
d7a78ffc1e28496b91eef920ca06ac48,robot-alpha,m1-robot-alpha,critical,,safety_decision,2026-07-26T04:59:52.690Z,2026-07-26T04:59:57.084Z,SIMULATED,C2,SAFE_STOPPED,UNSAFE,SAFE_STOP,0.0,manual resume required after a safe stop
a1f04b00342949b4a94ca5f9837d3d1d,robot-charlie,m1-robot-charlie,critical,,safety_decision,2026-07-26T04:59:52.670Z,2026-07-26T04:59:57.207Z,SIMULATED,C2,SAFE_STOPPED,UNSAFE,SAFE_STOP,0.0,manual resume required after a safe stop
e6685148209846d8bda51cd219a70251,robot-bravo,m1-robot-bravo,critical,,safety_decision,2026-07-26T04:59:52.641Z,2026-07-26T04:59:56.682Z,SIMULATED,C2,SAFE_STOPPED,UNSAFE,SAFE_STOP,0.0,manual resume required after a safe stop
5d150ea3849c458bb03941320c02f22e,robot-alpha,m1-robot-alpha,critical,,safety_decision,2026-07-26T04:59:52.640Z,2026-07-26T04:59:56.703Z,SIMULATED,C2,SAFE_STOPPED,UNSAFE,SAFE_STOP,0.0,manual resume required after a safe stop
0e685d7e5e3e4c48addfff249349ba06,robot-bravo,m1-robot-bravo,critical,,safety_decision,2026-07-26T04:59:52.591Z,2026-07-26T04:59:56.357Z,SIMULATED,C2,SAFE_STOPPED,UNSAFE,SAFE_STOP,0.0,manual resume required after a safe stop
3b64c67c2d454d5d8571627273895389,robot-alpha,m1-robot-alpha,critical,,safety_decision,2026-07-26T04:59:52.590Z,2026-07-26T04:59:56.434Z,SIMULATED,C2,SAFE_STOPPED,UNSAFE,SAFE_STOP,0.0,manual resume required after a safe stop
43f8768e6b51423b8d1c00fbc066b51d,robot-charlie,m1-robot-charlie,critical,,safety_decision,2026-07-26T04:59:52.570Z,2026-07-26T04:59:56.546Z,SIMULATED,C2,SAFE_STOPPED,UNSAFE,SAFE_STOP,0.0,manual resume required after a safe stop
4ed5dd9f46fa437eb6a87481e068e49e,robot-bravo,m1-robot-bravo,critical,,safety_decision,2026-07-26T04:59:52.541Z,2026-07-26T04:59:56.144Z,SIMULATED,B2,SAFE_STOPPED,UNSAFE,SAFE_STOP,0.0,manual resume required after a safe stop
cd45c8d166514c289f2732f943e015ef,robot-alpha,m1-robot-alpha,critical,,safety_decision,2026-07-26T04:59:52.540Z,2026-07-26T04:59:56.138Z,SIMULATED,B2,SAFE_STOPPED,UNSAFE,SAFE_STOP,0.0,manual resume required after a safe stop
35da16aaa5154135a1de57f8bf64ee5a,robot-charlie,m1-robot-charlie,critical,,safety_decision,2026-07-26T04:59:52.520Z,2026-07-26T04:59:56.220Z,SIMULATED,B2,SAFE_STOPPED,UNSAFE,SAFE_STOP,0.0,manual resume required after a safe stop
18b506d0c3b74b689e344baef4abc63b,robot-bravo,m1-robot-bravo,critical,,safety_decision,2026-07-26T04:59:52.491Z,2026-07-26T04:59:55.899Z,SIMULATED,B2,SAFE_STOPPED,UNSAFE,SAFE_STOP,0.0,manual resume required after a safe stop
b32988f0dba542bd85a82f2d22177192,robot-alpha,m1-robot-alpha,critical,,safety_decision,2026-07-26T04:59:52.490Z,2026-07-26T04:59:55.912Z,SIMULATED,B2,SAFE_STOPPED,UNSAFE,SAFE_STOP,0.0,manual resume required after a safe stop
8d34c964fa384bd38865228fc9ec8f72,robot-charlie,m1-robot-charlie,critical,,safety_decision,2026-07-26T04:59:52.470Z,2026-07-26T04:59:56.023Z,SIMULATED,B2,SAFE_STOPPED,UNSAFE,SAFE_STOP,0.0,manual resume required after a safe stop
4b4e67f87b2b4bb686d17f26ebddad3e,robot-bravo,m1-robot-bravo,critical,,safety_decision,2026-07-26T04:59:52.441Z,2026-07-26T04:59:55.544Z,SIMULATED,B2,SAFE_STOPPED,UNSAFE,SAFE_STOP,0.0,manual resume required after a safe stop
2d6569e8984146c8a3bcb61709e7e4c0,robot-alpha,m1-robot-alpha,critical,,safety_decision,2026-07-26T04:59:52.440Z,2026-07-26T04:59:55.635Z,SIMULATED,B2,SAFE_STOPPED,UNSAFE,SAFE_STOP,0.0,manual resume required after a safe stop
aaa6d3d92de44dc7ae3dde90db80712c,robot-charlie,m1-robot-charlie,critical,,safety_decision,2026-07-26T04:59:52.420Z,2026-07-26T04:59:55.710Z,SIMULATED,B2,SAFE_STOPPED,UNSAFE,SAFE_STOP,0.0,manual resume required after a safe stop
4fa173f68fa14857b39c9dbd256d9c20,robot-bravo,m1-robot-bravo,critical,,safety_decision,2026-07-26T04:59:52.391Z,2026-07-26T04:59:55.238Z,SIMULATED,B2,SAFE_STOPPED,UNSAFE,SAFE_STOP,0.0,manual resume required after a safe stop
06c1980f18df4adf8865bcb36dde67e7,robot-alpha,m1-robot-alpha,critical,,safety_decision,2026-07-26T04:59:52.390Z,2026-07-26T04:59:55.362Z,SIMULATED,B2,SAFE_STOPPED,UNSAFE,SAFE_STOP,0.0,manual resume required after a safe stop
d5ac62e84dab4b6682477bd3187f6243,robot-bravo,m1-robot-bravo,critical,,safety_decision,2026-07-26T04:59:52.341Z,2026-07-26T04:59:55.022Z,SIMULATED,B2,SAFE_STOPPED,UNSAFE,SAFE_STOP,0.0,manual resume required after a safe stop
607ae011001a4d5f87ec9d7d66251e28,robot-alpha,m1-robot-alpha,critical,,safety_decision,2026-07-26T04:59:52.340Z,2026-07-26T04:59:55.063Z,SIMULATED,B2,SAFE_STOPPED,UNSAFE,SAFE_STOP,0.0,manual resume required after a safe stop
9713fc3f41604282862c67c63e8bc8a2,robot-charlie,m1-robot-charlie,critical,,safety_decision,2026-07-26T04:59:52.320Z,2026-07-26T04:59:55.105Z,SIMULATED,B2,SAFE_STOPPED,UNSAFE,SAFE_STOP,0.0,manual resume required after a safe stop
e23455170bb54261a03f23210dedf5f3,robot-bravo,m1-robot-bravo,critical,,safety_decision,2026-07-26T04:59:52.291Z,2026-07-26T04:59:54.696Z,SIMULATED,B2,SAFE_STOPPED,UNSAFE,SAFE_STOP,0.0,manual resume required after a safe stop
632bed0c73d2446482e84f36046a1b3a,robot-alpha,m1-robot-alpha,critical,,safety_decision,2026-07-26T04:59:52.290Z,2026-07-26T04:59:54.775Z,SIMULATED,B2,SAFE_STOPPED,UNSAFE,SAFE_STOP,0.0,manual resume required after a safe stop
37bf2f61b5b84f8cbe2ab1ce122de574,robot-charlie,m1-robot-charlie,critical,,safety_decision,2026-07-26T04:59:52.270Z,2026-07-26T04:59:54.834Z,SIMULATED,B2,SAFE_STOPPED,UNSAFE,SAFE_STOP,0.0,manual resume required after a safe stop
9c84202f5c17458c9a53cf4ea8036ead,robot-bravo,m1-robot-bravo,critical,,safety_decision,2026-07-26T04:59:52.241Z,2026-07-26T04:59:54.354Z,SIMULATED,A2,SAFE_STOPPED,UNSAFE,SAFE_STOP,0.0,manual resume required after a safe stop
ddc4ed839ede474ea174e3d8d979518a,robot-alpha,m1-robot-alpha,critical,,safety_decision,2026-07-26T04:59:52.240Z,2026-07-26T04:59:54.370Z,SIMULATED,A2,SAFE_STOPPED,UNSAFE,SAFE_STOP,0.0,manual resume required after a safe stop
34b7508eff3f479680cb922722266be8,robot-charlie,m1-robot-charlie,critical,,safety_decision,2026-07-26T04:59:52.220Z,2026-07-26T04:59:54.503Z,SIMULATED,A2,SAFE_STOPPED,UNSAFE,SAFE_STOP,0.0,manual resume required after a safe stop
12ee83b047b447b2b56b5dc02636cbde,robot-bravo,m1-robot-bravo,critical,,safety_decision,2026-07-26T04:59:52.191Z,2026-07-26T04:59:54.137Z,SIMULATED,A2,SAFE_STOPPED,UNSAFE,SAFE_STOP,0.0,manual resume required after a safe stop
4e9b6e63171f43c5bc809a1c18f20128,robot-alpha,m1-robot-alpha,critical,,safety_decision,2026-07-26T04:59:52.190Z,2026-07-26T04:59:54.153Z,SIMULATED,A2,SAFE_STOPPED,UNSAFE,SAFE_STOP,0.0,manual resume required after a safe stop
513ad16fe3824d15bd9cd2fc3e61bac3,robot-charlie,m1-robot-charlie,critical,,safety_decision,2026-07-26T04:59:52.170Z,2026-07-26T04:59:54.230Z,SIMULATED,A2,SAFE_STOPPED,UNSAFE,SAFE_STOP,0.0,manual resume required after a safe stop
cccbc838d695436aa3e0716f50236776,robot-bravo,m1-robot-bravo,critical,,safety_decision,2026-07-26T04:59:52.141Z,2026-07-26T04:59:53.951Z,SIMULATED,A2,SAFE_STOPPED,UNSAFE,SAFE_STOP,0.0,manual resume required after a safe stop
78091cd08f12493a8168cbf442baa52e,robot-alpha,m1-robot-alpha,critical,,safety_decision,2026-07-26T04:59:52.140Z,2026-07-26T04:59:53.963Z,SIMULATED,A2,SAFE_STOPPED,UNSAFE,SAFE_STOP,0.0,manual resume required after a safe stop
f092a2c4a6444ec49c107c11c6358568,robot-bravo,m1-robot-bravo,critical,,safety_decision,2026-07-26T04:59:52.091Z,2026-07-26T04:59:53.736Z,SIMULATED,A2,SAFE_STOPPED,UNSAFE,SAFE_STOP,0.0,manual resume required after a safe stop
6766e39f9ece4eaebe667aa9a946bdea,robot-alpha,m1-robot-alpha,critical,,safety_decision,2026-07-26T04:59:52.090Z,2026-07-26T04:59:53.736Z,SIMULATED,A2,SAFE_STOPPED,UNSAFE,SAFE_STOP,0.0,manual resume required after a safe stop
71647b2bc844419c9ebb19a7f3f81527,robot-charlie,m1-robot-charlie,critical,,safety_decision,2026-07-26T04:59:52.070Z,2026-07-26T04:59:53.810Z,SIMULATED,A2,SAFE_STOPPED,UNSAFE,SAFE_STOP,0.0,manual resume required after a safe stop
db7f307228df48dd8b1abd481c9f311e,robot-alpha,m1-robot-alpha,critical,,safety_decision,2026-07-26T04:59:51.740Z,2026-07-26T04:59:52.115Z,SIMULATED,A1,SAFE_STOPPED,UNSAFE,SAFE_STOP,0.0,sensor health is UNSAFE: sample is 375 ms old; expected one every 50 ms
48c0369ce41147adb5c8a06951286615,robot-charlie,m1-robot-charlie,critical,,safety_decision,2026-07-26T04:59:51.720Z,2026-07-26T04:59:52.142Z,SIMULATED,A1,SAFE_STOPPED,UNSAFE,SAFE_STOP,0.0,sensor health is UNSAFE: sample is 422 ms old; expected one every 50 ms; bmi270.accelY is not finite: nan
f09dd9f6506d4e9ea9b3219281cf7a78,robot-charlie,m1-robot-charlie,critical,,safety_decision,1970-01-01T00:00:01.150Z,2026-07-26T04:59:11.909Z,SIMULATED,C2,SAFE_STOPPED,UNSAFE,SAFE_STOP,0.0,manual resume required after a safe stop
b79ff8753b164ff589126e5778fcb6ce,robot-bravo,m1-robot-bravo,critical,,safety_decision,1970-01-01T00:00:01.150Z,2026-07-26T04:59:11.848Z,SIMULATED,C2,SAFE_STOPPED,UNSAFE,SAFE_STOP,0.0,manual resume required after a safe stop
5a19193dfe5345889a1b314a408f418c,robot-alpha,m1-robot-alpha,critical,,safety_decision,1970-01-01T00:00:01.150Z,2026-07-26T04:59:11.603Z,SIMULATED,C2,SAFE_STOPPED,UNSAFE,SAFE_STOP,0.0,manual resume required after a safe stop
af7bbde50c8547b2a6fe0a0e09345033,robot-alpha,m1-robot-alpha,critical,,safety_decision,1970-01-01T00:00:01.100Z,2026-07-26T04:59:11.444Z,SIMULATED,C2,SAFE_STOPPED,UNSAFE,SAFE_STOP,0.0,manual resume required after a safe stop
4e2be5d5754746aea8e0ead79398cd75,robot-charlie,m1-robot-charlie,critical,,safety_decision,1970-01-01T00:00:01.100Z,2026-07-26T04:59:11.784Z,SIMULATED,C2,SAFE_STOPPED,UNSAFE,SAFE_STOP,0.0,manual resume required after a safe stop
18518bb0e4a3465b822e7b392b80ab52,robot-bravo,m1-robot-bravo,critical,,safety_decision,1970-01-01T00:00:01.100Z,2026-07-26T04:59:11.722Z,SIMULATED,C2,SAFE_STOPPED,UNSAFE,SAFE_STOP,0.0,manual resume required after a safe stop
c82e8454ca9c46ad90bb00d20f869d74,robot-charlie,m1-robot-charlie,critical,,safety_decision,1970-01-01T00:00:01.050Z,2026-07-26T04:59:11.662Z,SIMULATED,C2,SAFE_STOPPED,UNSAFE,SAFE_STOP,0.0,manual resume required after a safe stop
7ff0ca305f6346829788efc10d5b1857,robot-alpha,m1-robot-alpha,critical,,safety_decision,1970-01-01T00:00:01.050Z,2026-07-26T04:59:11.148Z,SIMULATED,C2,SAFE_STOPPED,UNSAFE,SAFE_STOP,0.0,manual resume required after a safe stop
2f264afcb1f647a5b2a9293ab8cf7509,robot-bravo,m1-robot-bravo,critical,,safety_decision,1970-01-01T00:00:01.050Z,2026-07-26T04:59:11.600Z,SIMULATED,C2,SAFE_STOPPED,UNSAFE,SAFE_STOP,0.0,manual resume required after a safe stop
af513fd50d3746e2ae52165fb63706e7,robot-alpha,m1-robot-alpha,critical,,safety_decision,1970-01-01T00:00:01.000Z,2026-07-26T04:59:10.887Z,SIMULATED,C2,SAFE_STOPPED,UNSAFE,SAFE_STOP,0.0,manual resume required after a safe stop
933e6f2d2829470e8e361ddc996c2a02,robot-charlie,m1-robot-charlie,critical,,safety_decision,1970-01-01T00:00:01.000Z,2026-07-26T04:59:11.483Z,SIMULATED,C2,SAFE_STOPPED,UNSAFE,SAFE_STOP,0.0,manual resume required after a safe stop
7daf33e5b8cb49a3b0bf98d85696163e,robot-bravo,m1-robot-bravo,critical,,safety_decision,1970-01-01T00:00:01.000Z,2026-07-26T04:59:11.240Z,SIMULATED,C2,SAFE_STOPPED,UNSAFE,SAFE_STOP,0.0,manual resume required after a safe stop
a5952fddc95f46479f0b4a552f779d8b,robot-alpha,m1-robot-alpha,critical,,safety_decision,1970-01-01T00:00:00.950Z,2026-07-26T04:59:10.685Z,SIMULATED,C2,SAFE_STOPPED,UNSAFE,SAFE_STOP,0.0,manual resume required after a safe stop
54a1fb50efa04ceaa2243f62982fdf29,robot-bravo,m1-robot-bravo,critical,,safety_decision,1970-01-01T00:00:00.950Z,2026-07-26T04:59:10.957Z,SIMULATED,C2,SAFE_STOPPED,UNSAFE,SAFE_STOP,0.0,manual resume required after a safe stop
de254cdbaf2e47fa857e2fdd91190fea,robot-bravo,m1-robot-bravo,critical,,safety_decision,1970-01-01T00:00:00.900Z,2026-07-26T04:59:10.777Z,SIMULATED,C2,SAFE_STOPPED,UNSAFE,SAFE_STOP,0.0,manual resume required after a safe stop
958e25b2758e4daa8de69eabf037f9ae,robot-alpha,m1-robot-alpha,critical,,safety_decision,1970-01-01T00:00:00.900Z,2026-07-26T04:59:10.415Z,SIMULATED,C2,SAFE_STOPPED,UNSAFE,SAFE_STOP,0.0,manual resume required after a safe stop
65cf6b636534429985beca3accc84467,robot-charlie,m1-robot-charlie,critical,,safety_decision,1970-01-01T00:00:00.900Z,2026-07-26T04:59:10.889Z,SIMULATED,C2,SAFE_STOPPED,UNSAFE,SAFE_STOP,0.0,manual resume required after a safe stop
ac6201d115034bd2ab7dd62cb935f10b,robot-charlie,m1-robot-charlie,critical,,safety_decision,1970-01-01T00:00:00.850Z,2026-07-26T04:59:10.679Z,SIMULATED,B2,SAFE_STOPPED,UNSAFE,SAFE_STOP,0.0,manual resume required after a safe stop
a74a9585fbaf49ec904992249adec3ee,robot-alpha,m1-robot-alpha,critical,,safety_decision,1970-01-01T00:00:00.850Z,2026-07-26T04:59:10.229Z,SIMULATED,B2,SAFE_STOPPED,UNSAFE,SAFE_STOP,0.0,manual resume required after a safe stop
2480c83e8397480b8f1c905297915ce8,robot-bravo,m1-robot-bravo,critical,,safety_decision,1970-01-01T00:00:00.850Z,2026-07-26T04:59:10.529Z,SIMULATED,B2,SAFE_STOPPED,UNSAFE,SAFE_STOP,0.0,manual resume required after a safe stop
f2c2a348bd924c928dd0806b31e0979a,robot-charlie,m1-robot-charlie,critical,,safety_decision,1970-01-01T00:00:00.800Z,2026-07-26T04:59:10.404Z,SIMULATED,B2,SAFE_STOPPED,UNSAFE,SAFE_STOP,0.0,manual resume required after a safe stop
3cb8b8a6954a49559b560b938b150844,robot-bravo,m1-robot-bravo,critical,,safety_decision,1970-01-01T00:00:00.800Z,2026-07-26T04:59:10.291Z,SIMULATED,B2,SAFE_STOPPED,UNSAFE,SAFE_STOP,0.0,manual resume required after a safe stop
191439af5dc14cfc96b5dc411b7d18c2,robot-alpha,m1-robot-alpha,critical,,safety_decision,1970-01-01T00:00:00.800Z,2026-07-26T04:59:10.106Z,SIMULATED,B2,SAFE_STOPPED,UNSAFE,SAFE_STOP,0.0,manual resume required after a safe stop
f70bb38773c2405ba689a5f3ab61ccf1,robot-alpha,m1-robot-alpha,critical,,safety_decision,1970-01-01T00:00:00.750Z,2026-07-26T04:59:09.886Z,SIMULATED,B2,SAFE_STOPPED,UNSAFE,SAFE_STOP,0.0,manual resume required after a safe stop
ddcca457fae642d18dfcaab19a6b3fe6,robot-bravo,m1-robot-bravo,critical,,safety_decision,1970-01-01T00:00:00.750Z,2026-07-26T04:59:10.119Z,SIMULATED,B2,SAFE_STOPPED,UNSAFE,SAFE_STOP,0.0,manual resume required after a safe stop
468e659c3e2d4c30b534576521e1623b,robot-charlie,m1-robot-charlie,critical,,safety_decision,1970-01-01T00:00:00.750Z,2026-07-26T04:59:10.167Z,SIMULATED,B2,SAFE_STOPPED,UNSAFE,SAFE_STOP,0.0,manual resume required after a safe stop
e5f84d0521ad413988fa27214f94978d,robot-bravo,m1-robot-bravo,critical,,safety_decision,1970-01-01T00:00:00.700Z,2026-07-26T04:59:09.966Z,SIMULATED,B2,SAFE_STOPPED,UNSAFE,SAFE_STOP,0.0,manual resume required after a safe stop
6114fd439d8f451fb3a9f83dc25a768e,robot-alpha,m1-robot-alpha,critical,,safety_decision,1970-01-01T00:00:00.700Z,2026-07-26T04:59:09.700Z,SIMULATED,B2,SAFE_STOPPED,UNSAFE,SAFE_STOP,0.0,manual resume required after a safe stop
dd7e288f884942e28a8a6d022808b01c,robot-charlie,m1-robot-charlie,critical,,safety_decision,1970-01-01T00:00:00.650Z,2026-07-26T04:59:09.836Z,SIMULATED,B2,SAFE_STOPPED,UNSAFE,SAFE_STOP,0.0,manual resume required after a safe stop
c0f1026fed2f476eab874e069298b641,robot-alpha,m1-robot-alpha,critical,,safety_decision,1970-01-01T00:00:00.650Z,2026-07-26T04:59:09.578Z,SIMULATED,B2,SAFE_STOPPED,UNSAFE,SAFE_STOP,0.0,manual resume required after a safe stop
5448225131c147769eb54ed9b3543db2,robot-bravo,m1-robot-bravo,critical,,safety_decision,1970-01-01T00:00:00.650Z,2026-07-26T04:59:09.760Z,SIMULATED,B2,SAFE_STOPPED,UNSAFE,SAFE_STOP,0.0,manual resume required after a safe stop
88b878a3235145cf96d2e163564dc5df,robot-bravo,m1-robot-bravo,critical,,safety_decision,1970-01-01T00:00:00.600Z,2026-07-26T04:59:09.589Z,SIMULATED,B2,SAFE_STOPPED,UNSAFE,SAFE_STOP,0.0,manual resume required after a safe stop
66dab1bba1a54632b5380b4f7e2fc79f,robot-charlie,m1-robot-charlie,critical,,safety_decision,1970-01-01T00:00:00.600Z,2026-07-26T04:59:09.680Z,SIMULATED,B2,SAFE_STOPPED,UNSAFE,SAFE_STOP,0.0,manual resume required after a safe stop
5020c5916e8643f6b72b695a06394d1d,robot-alpha,m1-robot-alpha,critical,,safety_decision,1970-01-01T00:00:00.600Z,2026-07-26T04:59:09.408Z,SIMULATED,B2,SAFE_STOPPED,UNSAFE,SAFE_STOP,0.0,manual resume required after a safe stop
8b00649deb2f4c228eca61c074eb7bd4,robot-charlie,m1-robot-charlie,critical,,safety_decision,1970-01-01T00:00:00.550Z,2026-07-26T04:59:09.483Z,SIMULATED,A2,SAFE_STOPPED,UNSAFE,SAFE_STOP,0.0,manual resume required after a safe stop
556ee3ae037e49eea7eed44361708e6c,robot-bravo,m1-robot-bravo,critical,,safety_decision,1970-01-01T00:00:00.550Z,2026-07-26T04:59:09.390Z,SIMULATED,A2,SAFE_STOPPED,UNSAFE,SAFE_STOP,0.0,manual resume required after a safe stop
494eeae7f004428faa10e98642afa55f,robot-alpha,m1-robot-alpha,critical,,safety_decision,1970-01-01T00:00:00.550Z,2026-07-26T04:59:09.220Z,SIMULATED,A2,SAFE_STOPPED,UNSAFE,SAFE_STOP,0.0,manual resume required after a safe stop
ffdc0f8c3cad47feb928e67308d4bc50,robot-alpha,m1-robot-alpha,critical,,safety_decision,1970-01-01T00:00:00.500Z,2026-07-26T04:59:09.092Z,SIMULATED,A2,SAFE_STOPPED,UNSAFE,SAFE_STOP,0.0,manual resume required after a safe stop
f355c54a4e7145fa921d3d9f17c1c3d1,robot-charlie,m1-robot-charlie,critical,,safety_decision,1970-01-01T00:00:00.500Z,2026-07-26T04:59:09.305Z,SIMULATED,A2,SAFE_STOPPED,UNSAFE,SAFE_STOP,0.0,manual resume required after a safe stop
2dab884f78ca4e9ba3f2d6873cf565fe,robot-bravo,m1-robot-bravo,critical,,safety_decision,1970-01-01T00:00:00.500Z,2026-07-26T04:59:09.171Z,SIMULATED,A2,SAFE_STOPPED,UNSAFE,SAFE_STOP,0.0,manual resume required after a safe stop
8b30afe347ce41a9b969cd4472354949,robot-bravo,m1-robot-bravo,critical,,safety_decision,1970-01-01T00:00:00.450Z,2026-07-26T04:59:09.010Z,SIMULATED,A2,SAFE_STOPPED,UNSAFE,SAFE_STOP,0.0,manual resume required after a safe stop
b6f18ba9a6d94166a0d2ecd6f39fd2df,robot-alpha,m1-robot-alpha,critical,,safety_decision,1970-01-01T00:00:00.100Z,2026-07-26T04:59:07.326Z,SIMULATED,A1,SAFE_STOPPED,UNSAFE,SAFE_STOP,0.0,manual resume required after a safe stop
c1048786385043639b88b0ddf17fbf4c,robot-bravo,m1-robot-bravo,critical,,safety_decision,1970-01-01T00:00:00.050Z,2026-07-26T04:59:07.233Z,SIMULATED,A1,SAFE_STOPPED,UNSAFE,SAFE_STOP,0.0,manual resume required after a safe stop
72fca2b6f2b4409e82e1f38a712e8378,robot-alpha,m1-robot-alpha,critical,,safety_decision,1970-01-01T00:00:00.050Z,2026-07-26T04:59:07.154Z,SIMULATED,A1,SAFE_STOPPED,UNSAFE,SAFE_STOP,0.0,manual resume required after a safe stop
4b41131f8cdf4822a6ff2b6b9bebdb55,robot-charlie,m1-robot-charlie,critical,,safety_decision,1970-01-01T00:00:00.050Z,2026-07-26T04:59:07.327Z,SIMULATED,A1,SAFE_STOPPED,UNSAFE,SAFE_STOP,0.0,manual resume required after a safe stop
7a77eebccfd243328c9ae776e4b4e39a,robot-charlie,m1-robot-charlie,critical,,safety_decision,1970-01-01T00:00:00.000Z,2026-07-26T04:59:07.092Z,SIMULATED,A1,SAFE_STOPPED,UNSAFE,SAFE_STOP,0.0,sensor health is UNSAFE: sample is 1785041947092 ms old; expected one every 50 ms
3afd99ac7b1f4771b8b03e7d0f6dc1b1,robot-bravo,m1-robot-bravo,critical,,safety_decision,1970-01-01T00:00:00.000Z,2026-07-26T04:59:07.082Z,SIMULATED,A1,SAFE_STOPPED,UNSAFE,SAFE_STOP,0.0,sensor health is UNSAFE: sample is 1785041947082 ms old; expected one every 50 ms
0bd43973a4a540c3aad05038ebd5da27,robot-alpha,m1-robot-alpha,critical,,safety_decision,1970-01-01T00:00:00.000Z,2026-07-26T04:59:07.015Z,SIMULATED,A1,SAFE_STOPPED,UNSAFE,SAFE_STOP,0.0,sensor health is UNSAFE: sample is 1785041947015 ms old; expected one every 50 ms
